DISTANCIA1;DISTANCIA2;DISTANCIA3;DISTANCIA4
160.58953888718904;165.07574019219177;115.67627241573788;120.43255373859678
172.73389939441535;161.38463371709216;133.4541119636259;109.12378292562992
153.11760186209813;155.8717421471897;108.97706180660222;116.40017182117903
183.61100184901775;197.4259354796122;130.91982279242512;135.4843164355196
174.26990560621763;181.60396471443016;129.07362240210043;131.64345787011217
159.0125781188394;161.01242188104618;115.10864433221339;117.41379816699569
149.96666296213968;148.2194319244275;101.83319694480774;104.06248123122954
139.7891269019161;135.80132547217644;99.56907150315303;95.46203433826454
139.7891269019161;142.90206436577463;101.78899744078434;99.90495483208028
157.09869509324386;157.63248396190426;105.11898020814318;108.60018416190647
197.76754030932378;210.80085388821365;140.356688476182;149.68299836654796
189.49670181826386;207.8942038634074;138.3979768638256;143.75326083258076
178.89102828258325;171.54008277950666;120.93386622447825;128.3160161476345
164.98484778912274;171.14321488157222;120.28299963003916;124.65151423067431
160.01562423713506;161.7188919081503;116.3872845288522;116.0
153.56106277308712;156.4736399525492;107.93516572461452;111.12605455067681
157.0;158.09174551506476;112.60994627474076;115.62439189029277
175.32826355154492;178.05897899291685;120.20815280171308;119.4026800369238
193.87109119205988;199.20090361240835;140.0;139.44532978913278
187.41664813991312;194.20092687729377;135.5912976558599;140.0142849854971
176.87566254292872;181.23189564753773;131.24404748406687;130.8166656049603
168.0773631397161;169.75276139138356;122.67436570041843;122.34786471369249
160.87883639559305;163.44418007380992;117.79643458101778;118.82760622010359
164.47796204963143;168.44286865284622;120.50726119201282;123.10970717209915
174.64249196572982;180.31361568112376;123.90722335683259;130.29965464267354
185.5693940282179;187.52333188166213;133.9589489358587;137.2443077143821
183.08741081789321;188.80677953929515;131.89389675038038;137.97463535012514
179.38784797192923;181.95878654244757;131.71180660821565;133.6899397860587
162.24980739587951;163.63679292872982;123.0690862889621;124.57929201917949
166.68833192518306;167.2423391369542;123.79418403139947;127.47548783981962
190.8219064992277;191.43667360252581;135.28118864054971;138.05795884337854
209.05740838343903;213.08449028495716;153.3883959105121;152.89865924853626
199.32385707686876;199.16073910286636;145.71547618561317;141.42842712835352
180.60177186284747;184.43969204051496;130.38404810405297;130.9083648969767
166.97604618627187;167.90771274721124;119.55333537798099;121.26417442921878
160.37767924496225;161.9783936208777;117.6860229593982;117.51595636338071
167.5857989210303;170.65169205138284;122.9186723000212;123.3288287465668
188.67962264113208;188.67167248953936;140.46351839534705;140.75865870347016
186.59046063504962;188.91532494744834;138.19189556555045;138.62178760930766
171.1899529762188;168.9644933114647;122.57650672131263;121.69634341261039
159.88120589988054;158.68522300453813;116.40017182117903;110.3177229641729
146.81280598094978;143.95138068111746;108.07404868885037;104.65180361560904
139.7855500400524;137.59360450253493;104.06248123122954;102.59142264341595
140.90067423543437;139.51702405083043;104.23531071570709;101.17806086301516
143.54441821262157;143.95138068111746;104.9952379872535;103.96634070698074
153.18289721767243;156.01281998605114;110.11357772772621;113.21660655575224
164.63899902513984;165.65325230734229;114.54693361238441;110.8873302050329
179.2344832893492;184.40173534975207;127.41271522104849;127.01574705523721
191.26160095534075;199.61963831246663;140.5844941663198;146.57762448614045
182.1318203939114;183.61100184901775;128.9728653632228;133.86933928274988
169.81166037701888;166.73931749890306;121.26417442921878;119.55333537798099
187.8004259846074;194.6997688750554;125.60652849274993;134.2013412749664
179.0111728356641;180.2720166858961;120.2538980657176;132.85330255586422
168.77203559831824;170.48753620133056;120.2538980657176;125.39936203984452
176.23280057923384;182.21415971323415;127.31064370271639;128.80993750483694
197.20547659738054;200.02499843769527;145.09651959988565;144.1700384962146
203.32486321156102;207.23416706711276;145.09651959988565;147.75655653811103
189.44656238633627;194.31160541768986;137.18600511714013;141.2267680009707
176.70880000724355;176.64653973401235;130.13838787997952;127.66362050325849
163.00306745579974;166.01204775557707;123.0690862889621;125.25174649480941
162.2004932174992;165.6804152578089;124.48293055676348;125.87692401707312
182.7840255602223;189.70766985021982;135.7645019878171;143.05593311708537
199.71980372511885;207.73540863319377;147.08500943332058;153.3883959105121
196.2090721653818;206.90335908341362;143.54441821262157;150.57224179774968
178.33956375409244;184.0244548966251;131.55227098001768;134.82581355215328
162.28986413205232;166.97604618627187;125.1758762701504;127.66362050325849
153.60013020827813;158.64425612041552;122.38055401083949;124.96399481450646
150.2431362824938;153.39491516996253;120.28299963003916;121.51131634543344
155.2063143045411;160.0312469488381;123.0447073221762;124.19742348374221
173.738308959193;180.42172818150257;132.45754036671525;133.05637902783917
185.06485349736184;191.4001044931794;139.51702405083043;144.27751037497146
197.9595918363139;206.40009689920205;147.32277488562318;153.52198539622916
189.52836199366047;198.33809518093088;136.517398158623;144.58907289280197
178.39843048636948;191.12822920751398;124.57929201917949;140.42791745233566
172.40939649566667;162.9846618550347;125.39936203984452;118.92854997854805
156.4736399525492;156.24659996300718;118.80235687897779;116.84605256490268
171.40595088852663;173.0664612222715;128.81770064707723;128.9728653632228
198.76870981117727;204.40156555173445;149.93665329064805;148.60013458944107
190.2761151589973;199.0226117806718;140.92906016858268;144.31216164966833
172.88724649319857;175.84083712266613;129.49517365523704;129.4488315899375
159.3267083699403;162.5423021862309;118.92854997854805;119.55333537798099
155.32224567009067;157.8131806916013;118.1397477566293;118.1905241548577
172.5688268488837;175.07141400011596;130.29965464267354;131.59027319676784
189.30662957223657;195.2331938989884;140.86873322352267;142.13022197970423
171.82840277439584;179.0111728356641;129.07362240210043;131.52186130069785
161.75598906995685;164.19500601419034;117.45637488020819;122.57650672131263
158.38244852255568;161.69724796668618;118.80235687897779;121.0826164236634
160.90991268408544;166.715326230074;120.93386622447825;125.39936203984452
175.025712396779;177.78920102188434;132.32157798333574;133.05637902783917
199.7298175035465;199.972498109115;152.16109883935513;150.14659503298768
223.13448859376265;231.35254483147577;166.29191201017565;169.9941175452845
234.09613409879285;241.6795398870165;174.1551032843999;178.33115263464205
220.20445045457188;224.4147945212169;159.17600321656528;160.63934760823702
191.14915641979695;197.4968354176846;133.79461872586654;135.94851966829208
167.45148551147582;174.18381095842403;120.34118164618461;123.1665539016173
153.4959282847594;156.16017418023074;111.07204868912791;113.27841806805037
151.17208737065187;149.56603892595405;111.94641575325224;106.7941945987702
152.0131573252789;153.68799562750502;113.95174417269794;116.77756633874505
174.79416466232504;178.92177061498134;123.5556554755791;128.06248474865697
196.5400722499104;201.81674856165927;145.45446022724775;147.98986451781082
198.45654436173174;207.03864373589778;144.3606594609487;152.97058540778355
178.01685313475238;183.34939323597447;130.96946208945045;133.05637902783917
164.83021567661677;164.21023110634732;121.91800523302537;117.38824472663352
162.82813024781683;156.16017418023074;121.65936051122412;113.17243480636087
175.41949720598336;189.805163259591;123.76186811776881;141.4955829699288
171.40595088852663;166.01204775557707;121.82774724995944;121.82774724995944
162.60381299342276;165.0242406436097;119.75391434103521;118.92854997854805
172.7946758439044;173.0664612222715;130.9083648969767;130.96946208945045
193.03885619221847;193.59752064528098;142.9475428260311;144.58907289280197
197.20294115453754;199.13814300630605;148.66068747318505;146.50938536489735
188.48076824970764;191.66898549321954;137.97463535012514;137.97463535012514
173.9482681718907;178.63090438107287;128.76334882255898;128.22246293064254
167.28717822953436;164.84234892769516;121.6552506059644;119.09659944767525
163.682619724881;161.74362429474616;120.21647141718975;118.3427226321923
173.35801106380978;171.51093259614677;127.34991166074674;126.81088281373961
186.9545399288287;186.77526602845464;135.83077707206124;137.0
199.13814300630605;201.10196418732463;147.24808997063425;146.0
189.0026454841307;192.50974001333023;138.6578522839583;138.70832707519762
171.96511274092776;173.738308959193;124.48293055676348;125.49501982150527
168.07438829280326;170.66048165876012;123.0447073221762;124.84390253432484
176.70880000724355;177.867928531256;131.52946437965906;132.6536844569347
191.09421759959145;194.982050455933;141.48498153514387;144.04513181638595
184.45866745696716;186.45374761586316;137.93114224133723;135.14806694880988
167.6305461424021;169.30741271426953;125.1758762701504;123.5556554755791
156.01281998605114;158.2940302096071;120.96693763173474;119.09659944767525
159.20113064925135;157.78466338652817;120.21647141718975;119.97082978791136
167.0478973228936;167.05687654209268;125.8729518204765;125.49501982150527
182.84966502567076;184.4911922016875;138.2931668593933;135.79396157414365
186.45374761586316;185.5640051303054;141.1134295522577;137.17871555019022
168.07438829280326;172.03778654702577;125.86500705120545;126.15070352558483
156.98407562552325;157.8131806916013;120.28299963003916;119.60351165413162
156.24659996300718;154.76756766196203;117.79643458101778;113.14592347937243
164.51443705644803;163.682619724881;124.84390253432484;122.3315167894194
179.2344832893492;178.0028089666003;134.01492454200763;130.13838787997952
199.69977466186586;202.4252948620799;147.61097520171052;147.78700890132393
197.46645284705957;201.00995000248122;144.81022063376605;147.08500943332058
175.6359872008012;181.46349495146399;130.96946208945045;132.9661611087573
162.28986413205232;163.1349134918703;119.55333537798099;118.86967653695369
158.64425612041552;157.30543537970962;118.1905241548577;116.04309544302927
161.4465855941215;165.58381563425817;119.55333537798099;123.3288287465668
167.38578195294843;174.25555945220228;123.90722335683259;127.5617497528158
168.5852899869974;171.14321488157222;123.98790263570072;124.48293055676348
164.83021567661677;164.19500601419034;123.3288287465668;120.91732712891069
172.69916039170545;176.23280057923384;127.47548783981962;132.32157798333574
186.25251676151922;193.43732835210477;137.97463535012514;145.24806367039804
191.4001044931794;200.30227157973022;140.80127840328723;145.91093173576817
185.930094390338;192.21082175569617;135.14806694880988;138.70832707519762
170.66048165876012;168.92897915988246;127.01574705523721;125.15989773086265
164.12495239907915;161.9783936208777;119.97082978791136;118.0889495253472
162.24672569885655;165.65325230734229;118.3427226321923;121.69634341261039
161.9876538505327;219.61784991206886;80.09993757800315;156.48642113614844
155.58920271021378;204.47493733951845;81.30190649671138;151.85519418182574
151.16216457830973;201.79197209007103;79.51100552753688;149.30505684671232
141.59802258506295;191.637678967368;73.24616030891995;144.75496537252184
139.74262055650738;180.23595645708434;75.8946638440411;131.88252348207476
139.44532978913278;187.72320048411703;78.44743462982075;132.59336333316233
133.843191832831;187.608635195718;81.30190649671138;124.34226956268733
135.95955280891445;196.6367208839692;84.29116205154607;122.4499897917513
138.07968713753664;186.81006396872735;72.03471385380801;133.60014970051492
140.24621207005913;188.35073665903195;76.15773105863909;134.30189872075525
141.9929575718458;194.164878389476;82.22530024268686;138.75518008348374
157.0350279396288;214.45046047980406;70.02856560004639;142.29898102235308
164.24676556937126;219.31712199461307;67.11929677819934;154.30489298787643
165.51132891738862;223.51733713517615;78.77182237323191;159.7779709471866
173.1415605797753;226.29184695874486;82.15229759416349;146.44111444536333
179.20100446147057;228.52789764052878;100.44899203078147;141.8238343861849
162.15116404145854;193.60010330575756;76.94153624668537;163.24827717314508
161.01242188104618;199.0226117806718;84.69356528095862;170.84495895401773
161.15210206509875;196.5400722499104;88.54942122905152;165.4841382127
167.50522379914005;221.812984290821;78.02563681252464;165.10905486980417
158.07909412695912;210.50890717496966;90.07774419910837;170.30854353202602
155.7562197795003;200.47942537826668;85.5102333057278;157.84802817900513
156.60459763365824;205.4288197892399;87.20665112249179;160.46494944379597
149.46571513226704;203.74493858744074;89.05054744357274;148.14182393908885
147.2175261305528;207.23416706711276;88.11923740024082;145.49914089093448
149.9333185119305;221.60324907365415;93.94147114027967;150.3761949245957
150.26975743641833;219.59280498231266;86.05230967266364;148.47558721890948
149.164338901763;220.16584657934573;95.2102935611481;148.51935900750448
146.4137971640651;206.95893312442448;85.14693182963201;141.50971698084905
148.43180252223578;204.41379601191306;84.02380615040002;133.60014970051492
147.220922426128;200.1724256734678;82.00609733428362;131.20975573485381
143.75326083258076;198.11612756158948;82.15229759416349;136.48443134658254
146.01369798755184;198.0353503796734;80.06247560499239;139.7855500400524
146.972786596703;198.90952717253137;79.62411694957753;147.14618581533128
150.08331019803634;200.0099997500125;81.25269226308751;151.44966160411187
152.64337522473747;203.06649157357302;82.71033792700887;156.66843970627906
153.05227865013967;196.60366222428308;82.22530024268686;151.81897114655993
153.39491516996253;203.82835916525454;85.38149682454625;158.7765725792064
156.11534197509224;206.60348496576722;85.86617494683223;157.00318468107582
158.3161394173064;211.81595785020542;86.03487664894976;159.24823389915505
158.07909412695912;211.06634028191232;86.16263691415206;158.09490820390135
157.20368952413298;213.283848427395;86.97700845625813;153.11433636338563
152.0526224699857;204.2865634347986;89.96110270555825;146.54009690183776
156.0;214.0840956259946;88.54377448471462;144.4714504668656
160.04999218994044;219.91361940543837;88.25531145489205;144.66858677681205
159.00314462299164;220.19309707617992;92.19544457292888;138.7984149765407
164.01219466856725;221.55134844996994;85.61541917201598;136.69308687713507
160.0281225285106;221.0701246211256;90.80198235721508;138.3979768638256
156.02884348735012;223.5106261456041;97.73944955850733;139.12943613772032
157.40711546813887;228.17756243767704;98.32598842625484;146.8945199794737
163.3064603743526;233.75414434828744;97.0;144.08677940741129
160.25292509030842;228.10962276940444;92.19544457292888;150.98675438593943
158.02847844613325;226.04645540242387;94.00531899844816;142.6639407839276
155.00322577288512;224.1428116179504;94.08506789071261;139.11865439257238
156.54072952429985;221.60324907365415;93.02150289046077;136.8575902169843
155.2610704587599;220.60145058453264;88.0056816347672;141.8238343861849
152.26621424334422;214.61826576505553;84.0535543567314;141.35416513141735
153.57408635573907;213.5720019103628;86.37129152675674;139.2838827718412
151.19854496654392;208.33866659840174;84.38009243891595;139.9428454762872
147.50254235097103;203.65657367244495;85.15867542417507;138.06158046321215
150.0966355385756;205.0609665440988;82.87339742040264;133.25539388707685
143.54441821262157;203.9730374338726;84.2140130857092;132.74034804836094
140.03570973148243;200.06249023742558;87.09190547921202;130.6981254647518
148.70776711389354;207.17142660125697;83.38465086573187;129.5414991421668
150.62536307010186;208.0600874747485;81.39410298049853;132.4009063413087
153.95129099815955;210.10949526377908;83.74365647617735;141.66156853571826
153.39491516996253;209.11719202399405;88.29496021857646;144.40221604947757
157.40711546813887;215.05813167606567;82.96987405076617;149.81655449248592
153.83432646844463;212.60761980700502;89.49860334105779;151.64761785138597
165.14841809717706;228.21481108815001;80.8084154033477;161.7714437099453
163.1502375113196;222.84748147555987;89.31965069345043;169.0
159.20113064925135;212.4547010541306;90.13878188659973;156.54072952429985
166.14752480852673;222.44100341438852;85.61541917201598;159.3267083699403
161.31026005806325;221.32555207205516;90.62008607367353;159.15401345866212
158.02847844613325;212.72047386182646;92.30926280715278;155.24174696260025
161.01242188104618;222.43425995111454;87.28115489611719;152.50573759698355
164.00304875214974;224.51057881534223;93.92017887546851;155.6181223379848
163.02760502442524;226.61200321253946;95.60334722173695;152.46311029229332
160.5615146914104;235.05318547086316;100.04498987955368;164.12495239907915
170.02646852769718;246.02845363900494;96.02083107326243;153.52198539622916
177.13271860387624;248.21361767638777;95.08417323613851;153.95129099815955
169.0266251216062;236.22446951998856;92.04890004774636;155.63097378092831
158.00316452527144;224.8288237748888;90.19977827023745;153.87332452377834
164.34719346554112;225.84286572747877;86.83317338436964;148.12494725737457
154.00324671902212;219.40145851839728;90.19977827023745;153.8440769090575
156.05127362504928;221.40009033421825;87.20665112249179;157.4960316960399
162.30834852218786;221.46105752479374;86.57944328765345;155.7080601638849
150.11995203836165;206.63494380186523;86.0;151.71684151734772
143.68368035375485;202.5487595617411;84.2140130857092;137.84411485442533
140.80127840328723;200.32224040280698;85.28774824088158;136.74063039199433
139.5600229292042;200.1724256734678;83.15046602394962;128.22636234409833
145.16542288024377;203.03940504246953;76.02631123499285;126.01587201618692
132.19682295728592;185.60711193270586;70.02856560004639;124.61942063739504
132.90974381135493;185.9704277566732;76.4198926981712;130.91982279242512
134.48048185517482;189.50461735799473;78.77182237323191;129.52991932368366
140.42791745233566;197.3448757885545;78.10249675906654;135.36986370680884
142.70599146496969;200.86313748420838;80.02499609497022;137.84411485442533
139.0;203.7253052519495;89.44271909999159;147.02720836634285
153.40469353966978;205.20477577288497;116.27553482998907;157.15597347857954
158.7765725792064;208.4346420343797;114.49017425089369;158.42032697857937
158.02847844613325;204.7266470198738;122.11879462228572;157.64834283937145
153.11433636338563;211.22736565132843;114.23659658795863;159.2388143638353
152.5417975507041;210.05951537600004;114.23659658795863;159.21055241409096
145.46477236774544;210.8459153030952;110.13627921806692;156.18578680533003
141.79210133149166;212.55822731665788;103.84603988597736;153.07514494521962
143.01398533010678;215.62931155109686;94.53041838477179;147.35331689514152
149.6262009141447;216.6702563805194;84.02380615040002;143.75673897247393
152.31546211727817;207.45360927204905;79.07591289387686;136.5283853270081
149.64624953536256;202.41047403728888;78.5175139698144;131.7459676802292
147.46185947559457;200.9975124224178;78.63841300535;132.01893803541975
143.09786860746738;197.6486782146544;78.77182237323191;128.16005617976296
145.33065746772084;201.67548190099856;79.22752047110903;125.92458060283545
144.30869689661813;199.25109786397664;78.5175139698144;123.71337841963576
144.81022063376605;200.24984394500785;79.40403012442127;122.3315167894194
144.5441109142811;199.90247622278218;81.02468759581859;120.37026210821342
142.86357128393507;200.84820138602188;83.05419917138447;123.17467272130257
146.15402833996743;206.93235609734887;83.09632964216891;127.4244874425634
149.64290828502365;208.96889720721597;87.0;126.49110640673517
149.4590244849738;208.0600874747485;83.05419917138447;129.5414991421668
146.32839779072276;211.7663807123312;89.00561780022652;136.4587849865299
147.87156589419075;207.6174366473105;85.09406559801923;134.23859355639868
149.4590244849738;212.30167215544958;86.0;140.06427096158393
148.75819305167698;208.94257584322062;87.05170877128145;144.5060552364502
152.08221460775746;210.535032714273;88.45903006477066;148.11144452742334
154.00324671902212;211.10187114282053;88.95504482602435;151.43315356948756
159.31415505221122;210.67985190805504;89.56003573022959;155.08062419270823
154.02921800749363;212.51352898109803;90.55385138137417;153.6522046701576
152.47294842036735;210.21179795625173;86.09297300012354;150.88074761214565
151.75308893067054;206.64946164943183;83.21658488546619;147.27525250360293
147.36349615830918;202.72641663088706;85.37564055396598;143.96180048887967
151.92103211866353;205.8275977608445;81.58431221748455;139.2300254973761
153.57408635573907;205.86646157157313;78.26237921249263;136.4587849865299
143.61058456812992;198.31288409984865;83.18653737234169;135.91173606425605
144.06942770761603;199.15069670980316;80.89499366462674;129.5414991421668
137.87313008704777;197.57024067404484;85.15867542417507;129.1394595001853
142.1442928857856;201.22872558360052;84.09518416651456;121.07848694132248
139.05754204644924;194.50963986394095;83.21658488546619;119.47384651043926
144.49913494550754;203.85534086699815;86.00581375697809;119.70797801316336
148.33745312630927;219.40145851839728;85.00588214941364;132.84953895290718
153.3101431738944;220.05681084665386;86.02325267042627;131.2288078129189
153.73028328862208;224.0892679268688;86.02325267042627;138.7984149765407
154.05518491761322;216.27991122617004;85.0235261559999;141.8344104933637
151.2679741386127;210.535032714273;89.35882720806042;145.60906565183365
150.05332385522155;208.83007446246816;90.55385138137417;149.56603892595405
150.00333329629711;209.34421415458323;90.44888059008801;150.0966355385756
147.0;208.58091954922435;91.26883367283708;150.41608956491322
147.08500943332058;209.78083801910984;92.34717104492157;148.94965592440957
149.21461054467824;209.88091861815357;89.08984229416954;147.87156589419075
148.75819305167698;208.12496246245908;85.05292469985967;145.34441853748632
145.8800877433243;201.41995928904365;82.38931969618392;143.54441821262157
167.83920876839238;185.60711193270586;100.4987562112089;143.69411957348845
161.40012391568973;118.82760622010359;112.0044641967453;58.52349955359813
147.80054127099805;114.9826073804208;106.94391053257777;58.52349955359813
146.81961721786362;113.0;111.89280584559492;62.39390995922599
166.1836333698358;119.85407794480753;123.43419299367578;58.9406481131655
157.7244432546839;115.52056094046635;115.96551211459379;62.0966987850401
143.54441821262157;107.07940978544848;111.51681487560519;57.48912940721924
145.7737973711325;108.67382389517726;117.47765745025733;63.56886030125127
157.87653403846943;119.03780911962384;130.36103712382777;63.12685640834652
177.1383639983163;135.5949851580065;133.98880550254935;79.93122043357026
144.27751037497146;112.8716084761797;119.57006314291216;54.08326913195984
141.9929575718458;111.75866856758807;118.70130580579136;62.24146527838174
150.86417732516887;124.45481107614924;133.2816566523691;56.43580423808985
153.05227865013967;118.82760622010359;127.47548783981962;61.1310068623117
169.11830178901394;127.47548783981962;133.09395177843356;55.036351623268054
151.09268678529745;122.18837915284743;128.00390619039717;53.23532661682466
145.67086187704115;116.40017182117903;130.0;69.92138442565336
149.9333185119305;123.79418403139947;126.60568707605516;63.89053137985315
154.20765220960988;121.43310915891102;126.15070352558483;54.3323108288245
159.76545308670458;115.15641536623133;103.46496991735899;57.28001396647874
163.24827717314508;119.68291440301745;111.36426715962351;59.665735560705194
173.25414857947845;119.50732195141852;125.19584657647394;70.06425622241343
184.04347312523745;138.75518008348374;141.7391971192161;80.65358020571685
189.02116283633427;147.95945390545344;150.04665940966495;86.81589716175259
188.904737897174;147.2311108427835;148.94965592440957;76.53757247260981
197.3068675946177;140.57738082636197;155.3962676514465;70.02856560004639
180.40509970618902;135.44740676735012;136.82470537150812;62.36184731067546
166.96406799069075;128.9961239727768;135.20724832641184;58.137767414994535
154.31137352768266;124.73972903610141;128.6001555209013;60.876925020897694
149.4824404403407;123.0447073221762;130.09611831257686;68.35202996254024
162.2004932174992;128.76334882255898;142.3938200906205;73.16419889536138
174.64249196572982;139.29106216839614;138.13399291991817;70.178344238091
178.2133552795637;136.93794214898952;143.42245291445826;65.62011886609167
172.35138525698017;135.14806694880988;138.00362314084367;62.64982043070834
157.1146078504478;126.24183141890805;129.3213052826177;61.61168720299745
154.20765220960988;122.18837915284743;135.20724832641184;73.76313442364011
164.80594649465777;131.64345787011217;142.88806808127822;71.84705978674423
175.41379649275024;135.5322839769182;140.1606221447379;73.06161783043132
177.23430819116257;135.0148140020198;138.2316895650198;71.0
177.49647883831386;136.06616037795732;139.9428454762872;65.30696746902278
164.07315441594946;131.84839779079607;132.85330255586422;63.89053137985315
153.44380078712857;126.90547663517127;126.01587201618692;61.35144660071187
152.41062955056645;121.51131634543344;126.81088281373961;56.00892785976178
147.898613921835;116.66190466471906;128.84486796143648;61.84658438426491
150.33296378372907;123.58397954427588;133.6899397860587;69.07966415668217
161.60445538412608;130.18832512940628;139.43098651304163;73.00684899377592
173.24260445975753;133.98880550254935;137.71347065556077;64.8459713474939
167.0478973228936;120.81390648431164;111.07204868912791;58.872744118140105
166.82026255823962;121.80722474467596;115.39497389401325;67.05221845696084
165.89454481688057;119.03780911962384;116.27553482998907;70.03570517957252
175.2369823981228;129.87686476043376;119.4361754243663;64.8459713474939
162.3730273167314;127.12198865656563;112.6809655620682;60.728905802755904
147.27185746095552;118.94956914591998;113.01769772916099;58.52349955359813
145.34441853748632;121.59769734661919;115.12167476196652;59.481089431852205
141.4213562373095;115.69356075426151;122.80065146407001;67.62396025078685
145.83552379307312;117.09824934643558;131.40015220691336;74.63243262818116
151.85519418182574;125.02799686470227;127.02755606560333;66.48308055437865
150.07331541616585;124.1491039033307;125.67020331009256;65.92419889539804
146.37281168304446;122.24974437601087;124.2014492669067;64.62197768561404
145.04137340772803;119.64113005150027;126.37246535539299;69.28924880528002
152.0690632574555;124.77980605851253;134.2013412749664;71.78439941937245
153.45683432157722;132.06059215375342;141.73566946961517;58.309518948453004
161.9783936208777;128.16005617976296;133.73481222179961;59.0
159.26079241294764;123.9395013706284;133.86933928274988;61.00819617067857
153.48289807011074;121.06196760337245;133.00375934536586;72.03471385380801
162.00308639035245;125.89678312014172;139.7891269019161;74.43117626371358
171.40595088852663;131.38112497615478;137.55726080436466;67.68308503607086
164.07315441594946;128.89142717807107;132.07573584879245;64.19501538281614
149.4824404403407;122.3315167894194;123.42204017111368;62.96824596572466
148.67750334196495;121.1486689980538;131.54847015454038;68.70953354520753
163.22070947033652;128.00390619039717;140.1606221447379;71.25307010929424
174.04022523543227;136.23509092741122;137.92751719653333;59.682493245507096
175.41379649275024;128.65457628860312;139.61733416735902;63.0
162.85576440519384;125.1718818265508;132.06059215375342;64.76109943476871
160.20611723651504;126.09916732476864;138.43771162512041;71.06335201775947
165.3027525481654;134.03357788255897;135.36986370680884;65.76473218982953
166.93112352104984;132.23085872821065;137.59360450253493;66.76076692189807
159.11316727411344;125.93649193144932;131.46862743635836;65.45991139621256
158.61904047118682;123.0447073221762;133.13526955694348;59.53990258641679
156.7322557739791;119.50732195141852;132.06059215375342;59.0
145.7737973711325;118.71394189394942;129.5414991421668;63.324560795950255
156.40012787718558;129.1239714383042;139.08630414242805;69.46221994724903
165.0969412193939;135.05924625881784;136.4587849865299;64.6297145282261
163.41664541900252;129.46814279968643;139.8177385026664;67.1863081289633
154.62535367784935;129.18978287774928;135.83077707206124;68.4470598345904
158.25612152457168;132.09466302617983;137.84411485442533;67.446274915669
161.72198366332265;134.05968819895114;142.57980221616245;68.6804193347711
159.11316727411344;129.2594290564522;136.48443134658254;63.06346010171025
155.87815754620658;129.75746606650424;138.3979768638256;70.00714249274856
165.0;139.51702405083043;145.96232390586277;71.19691004531025
175.6957597667058;144.183910336764;148.18906842274163;73.55270219373317
174.0028735394907;139.29106216839614;146.12323566086263;69.26037828369117
189.90787240133042;141.50971698084905;151.47607071745688;59.53990258641679
154.1557653803451;120.50311199301038;126.40015822774906;52.952809179494906
154.6156525064652;126.77539193392383;141.35416513141735;68.00735254367721
176.81911661356077;146.2942240828393;149.00335566691106;73.97972695272672
184.6212338816963;146.99659860010368;150.08331019803634;81.74350127074322
194.4556504707436;140.089257261219;155.1934276958918;68.18357573492314
186.07794065928394;139.00359707575916;133.6899397860587;65.92419889539804
173.9482681718907;119.20570456148481;108.15729286552988;63.324560795950255
185.64751546950473;127.56566936288148;117.38824472663352;71.02112361825881
192.87560758167425;131.06105447462264;128.82546332150332;80.02499609497022
199.2786993132984;140.69825869569246;140.06427096158393;84.34453153583817
184.70787747142785;141.2834031300209;140.63072210580447;76.68767828015137
195.5326059765992;137.01459776242822;148.00337833982033;72.78049189171504
188.83061192507955;143.85061696079026;149.88328792764054;70.06425622241343
210.52315787105226;151.6047492659778;161.75598906995685;68.18357573492314
197.31446981911895;155.15798400340216;177.0197729068705;77.46612162745726
189.50989420080418;152.55490814785344;167.80047675736802;76.90253571892151
175.82377541163197;145.67086187704115;153.39491516996253;80.49844718999243
166.97305171793442;137.6117727521886;144.26711336961034;73.38937252763509
158.61904047118682;132.9812016790343;133.96268137059664;71.11961754677819
151.74320413119;128.2692480682724;125.4312560727987;64.51356446515724
159.84054554461454;129.87686476043376;128.1288414058287;66.12110101926616
161.64467204334326;122.97154142320898;128.63125592172378;75.69015788066504
171.7032323516363;127.3184982632139;135.5949851580065;69.00724599634447
183.17477992343814;136.03308421115798;142.3938200906205;66.0
175.41379649275024;150.88074761214565;150.45597362683876;75.96051605933177
190.22355269524328;139.70325694127536;163.97560794215707;76.4198926981712
191.637678967368;146.16771189288008;166.58031096140985;75.18643494673756
191.4001044931794;150.26975743641833;170.0;86.97700845625813
195.8494319624134;150.16324450410627;146.18481453283715;83.48652585896721
191.1674658512792;141.2267680009707;139.43098651304163;78.31347265956222
175.82377541163197;129.98846102635417;126.90941651429968;69.72087205421343
161.64467204334326;116.52038448271615;121.23530838827442;70.3420215802759
168.04761230080004;121.41251994749142;119.95415791042844;69.87131027825369
200.12246250733574;132.03408650799233;143.0314650697531;85.15867542417507
214.40149253211834;156.60459763365824;168.62087652482418;97.29337079164233
214.72074888095935;160.0781059358212;165.94577427581578;111.32834320154055
214.2545215392198;150.6154042586614;141.24092891226678;86.14522621712709
193.05180651835403;142.97202523570826;131.48764200486676;70.00714249274856
173.31185764395926;130.75167302944922;129.24782396620841;67.06713054842886
183.09560344257315;141.35416513141735;145.0551619212498;95.70788891204319
207.17142660125697;162.69296235547498;160.0656115472652;112.60550608207397
208.5976989326584;148.0135128966271;156.42570121306792;87.47571091451616
193.7937047481161;141.7603611733548;139.2300254973761;76.68767828015137
173.35801106380978;132.2800060477773;127.06297651164952;65.5133574166368
172.55723688098394;128.87590930814028;135.20724832641184;72.0
189.63649437806004;142.3938200906205;157.84169284444462;86.83317338436964
206.7849124090053;157.68956845650888;166.73931749890306;91.76055797563569
201.3156725145859;147.03060905811415;151.43315356948756;89.45389874119518
196.596032513375;142.63590010933433;139.8177385026664;78.08969202141856
180.3247071257846;132.1854757528224;133.25539388707685;69.3757882838098
153.8083222715858;121.2023102090055;117.47765745025733;61.465437442517235
168.01488029338353;128.3160161476345;128.14054783713078;55.31726674375732
159.3643623900902;139.71399357258383;119.60351165413162;81.05553651663777
172.73389939441535;149.04026301640775;133.2066064427737;93.23089616645332
181.1767093199344;137.09121051329294;161.47135968957468;71.06335201775947
181.8378398463862;137.44089638822936;163.36768346279504;80.06247560499239
179.06702655709677;143.58969322343438;148.38463532320318;73.54590403278758
228.40534144367115;192.62658175859323;178.4040358287895;114.86513831445988
202.2671500763285;251.55715056424057;135.7645019878171;146.37281168304446
186.11824198610947;220.95248357961492;144.20124826089406;132.2800060477773
176.58142597679972;183.17477992343814;154.6156525064652;133.00375934536586
173.6663467687393;176.50212463310464;138.77319625922004;134.18271125595876
167.47537132366656;168.11900546934007;135.14806694880988;135.8712625980932
147.12239802287073;124.86793023030373;133.68619973654722;132.27622613304328
133.60014970051492;112.0044641967453;128.42507543311004;128.00390619039717
133.4541119636259;110.0;123.23960402403117;123.3288287465668
147.07821048680188;136.82470537150812;125.2078272313676;122.0245876862528
162.11107303327555;156.98407562552325;128.81770064707723;126.15070352558483
176.81911661356077;169.19810873647495;136.7808466123821;130.11533345459327
174.62244987400675;162.82813024781683;134.46932735757994;132.9661611087573
148.27339613025663;121.24768039018313;134.5362404707371;134.3800580443393
134.27211177307072;105.20931517693668;128.68954891520912;129.40247292845683
132.4009063413087;96.25487000666512;126.03570922560003;123.03657992645927
132.30646242719968;102.34256201600583;122.14745187681976;121.0826164236634
132.7742444904131;122.14745187681976;123.7457069962429;120.61509026651682
137.20787149431334;137.7679207943562;126.57408897558773;125.87692401707312
161.02794788483146;164.02743672934722;128.7245120402482;131.50285168010618
171.95929750961417;163.98170629676957;137.2953021774598;128.81770064707723
153.48289807011074;140.0;132.93607486307093;133.6600164596728
138.19189556555045;118.56221995222593;130.83195328359201;129.4488315899375
135.09256086106296;109.80892495603443;122.3315167894194;120.91732712891069
142.2708684165525;127.61269529321916;123.84264209067892;121.26417442921878
160.11246047700348;149.5125412799876;128.9728653632228;124.73972903610141
179.61347388211163;167.80047675736802;140.86873322352267;130.13838787997952
184.74035834110532;177.50492950901392;139.70325694127536;135.77186748365804
164.43843832875572;150.60212481900777;134.35773144854747;133.6600164596728
152.7612516314265;133.2216198670471;131.55227098001768;128.7245120402482
144.2497833620557;123.60016181219181;126.58988901172162;124.52309022827855
147.10540438746634;128.6001555209013;125.39936203984452;120.91732712891069
157.2895419282541;142.87407042567241;128.22246293064254;124.48293055676348
180.60177186284747;170.88007490635061;139.05394636614957;130.86252328302402
190.8821626030049;184.36105879496353;140.92906016858268;135.88230201170424
186.46179233290664;179.56892826989863;140.12137595670404;136.517398158623
164.93938280471406;147.82760229402356;135.7645019878171;135.77186748365804
154.98709623707387;138.13037319865606;129.41792766073794;127.27922061357856
162.3730273167314;147.27525250360293;129.5569372901351;125.89678312014172
170.55204484262273;156.77372228788855;131.79529581893277;125.93649193144932
188.403821617291;171.54008277950666;140.5844941663198;128.69343417595164
189.01058171435798;174.64249196572982;143.0873858870865;132.23085872821065
169.53170794869024;149.04026301640775;135.83077707206124;130.17680284904833
144.25671561490648;121.01652779682617;125.86500705120545;125.39936203984452
133.41664064126334;106.40018796975878;119.50313803411188;118.82760622010359
126.21014222319853;95.96353474106714;112.53888216967503;111.03603018840326
137.2443077143821;121.93850909372314;107.71258050942797;99.90495483208028
142.27438279606065;136.8575902169843;106.5269918846862;99.6393496566492
151.2084653714864;142.77955035648486;110.63453348751464;102.06860437960343
132.9661611087573;122.29881438509533;106.07544484940895;102.9417310909429
115.74541027617467;97.65244492586962;104.80458005259122;103.96634070698074
114.82595525402782;85.14693182963201;101.23734488813898;100.56838469419701
132.23085872821065;118.59595271340417;103.9471019317037;98.85848471426213
143.68020044529447;136.8575902169843;110.25878649794764;98.59513172565875
155.08062419270823;147.13938969562162;111.07204868912791;106.04244433244644
161.64467204334326;152.97058540778355;115.43396380615195;103.71113729971339
155.56670594957006;145.3616180427282;113.84638773364749;106.4048871058092
141.4213562373095;126.11502686040232;111.12605455067681;106.4048871058092
126.37246535539299;106.3296760081587;106.88779163215975;105.64563407921787
121.21056059601408;97.082439194738;106.07544484940895;104.06248123122954
133.6600164596728;119.70797801316336;106.06601717798213;104.63746938836012
144.46106741956464;142.04224723651762;108.37435120913067;107.00467279516349
159.66527487215245;155.18376203714098;112.43220179290273;110.9414259868693
161.07451691686057;154.77725931156684;118.0889495253472;109.80892495603443
141.53444810363305;121.2023102090055;113.95174417269794;106.96261028976434
127.88275880665071;97.12878049270464;111.39569111954016;108.30050784737807
121.59358535712317;89.1852005660132;106.4048871058092;104.35037134576953
119.57006314291216;92.78469701410896;105.64563407921787;101.67103815738285
138.6578522839583;134.97036711811967;111.03603018840326;104.4030650891055
152.8953890737062;149.37536610833797;117.41379816699569;113.70136322841516
163.22070947033652;159.29846201391902;120.24142381059865;114.47707194019246
165.51737068960466;140.9432509913121;123.1665539016173;103.96634070698074
152.73506473629428;112.69871339105873;120.10412149464314;105.4229576515476
133.73481222179961;103.81233067415451;110.75197515168747;107.5174404457249
125.99206324209474;113.81124724736128;107.48953437428223;110.11357772772621
141.35416513141735;139.60659010233005;108.89444430272832;109.01834707974616
156.20819440733575;155.2063143045411;116.69190203266035;116.03878661895772
163.8078142214223;161.62301816263673;118.82760622010359;115.88356225108029
152.74161188098023;136.41847382227965;116.69190203266035;110.11357772772621
133.41664064126334;103.24727599312246;115.97413504743201;110.39021695784459
122.28654872879518;95.80187889597991;108.18964830333815;106.77546534667971
118.40608092492548;90.80198235721508;104.66135867644753;102.53292154230269
130.9083648969767;110.67971810589327;109.04127658827184;105.47511554864494
151.4859729479928;133.9589489358587;118.44407963254221;107.56393447619885
164.45364088398895;154.0519392932137;122.57650672131263;114.76933388322858
165.23922052587878;154.35349040433132;125.25573839150046;114.58621208504974
153.57408635573907;130.64838307457157;120.24142381059865;113.14592347937243
133.00375934536586;112.89375536317321;115.27792503337315;114.5512985522207
126.90547663517127;100.20977996183805;109.65856099730654;107.48953437428223
124.84390253432484;98.22932352408826;107.56393447619885;103.9471019317037
137.88763541376724;119.26860441876563;111.28791488746656;105.47511554864494
145.83552379307312;130.17296186228538;115.43396380615195;108.97706180660222
151.4859729479928;133.9589489358587;118.92854997854805;111.07204868912791
151.40013210033868;147.56693396557372;116.72617529928752;115.43396380615195
132.7742444904131;129.63024338479042;114.56002793295748;115.27792503337315
128.8875478857442;122.00409829181969;110.34491379306978;109.65856099730654
144.9413674559475;134.79243302203577;116.18089343777659;111.03603018840326
155.80115532305913;148.71785366928881;119.00420160649792;113.89907813498755
170.8010538609174;161.74362429474616;125.49501982150527;118.25819210524064
168.00297616411441;157.15597347857954;124.08464852672147;114.58621208504974
156.4736399525492;144.51643505151932;123.69316876852982;115.52056094046635
140.91131963046828;131.36590120727678;116.82465493208187;112.92918134831227
138.45215780189199;129.8345100502944;113.22985472038724;112.60994627474076
141.24092891226678;133.30416347586447;115.6027681329474;113.95174417269794
154.40207252495026;145.4269576110289;119.97082978791136;118.80235687897779
160.4244370412438;152.55163060419906;123.3288287465668;121.63058825805291
164.45364088398895;154.18495387034366;124.57929201917949;118.92854997854805
156.236999459155;139.52060779684126;123.2233744059949;109.34349546269316
142.00352108310554;131.65485179058157;113.6001760562016;108.57716150277645
121.51131634543344;112.53888216967503;107.05606008068857;108.37435120913067
146.81961721786362;150.71164520368026;117.79643458101778;121.03718436910205
132.9661611087573;121.62236636408618;129.5569372901351;126.66885963013956
152.16109883935513;134.61797799699713;122.67436570041843;121.69634341261039
157.8923684032892;145.41664278891878;128.06248474865697;124.45079348883236
171.96802028284213;170.60187572239644;131.03434664239754;130.29965464267354
184.76200908195386;182.7840255602223;137.0;134.3800580443393
176.82759965570986;158.8238017426859;134.35773144854747;132.90974381135493
161.6168308066954;131.0267148332736;134.35773144854747;131.59027319676784
150.60212481900777;115.93532679903913;131.52946437965906;128.7245120402482
146.23952953972466;109.29318368498559;124.45882853377658;122.494897852931
135.91173606425605;105.4229576515476;127.40486646906389;125.99206324209474
130.51053597315428;103.07764064044152;127.01574705523721;126.81088281373961
135.67977004697494;101.01980003939822;125.31959144523253;122.42957159118053
143.40502083260543;117.80067911519016;128.70120434556935;124.65151423067431
163.6001222493431;141.15594213493105;132.23085872821065;127.283148923964
175.93180496999398;166.73931749890306;140.2640367307315;130.38404810405297
192.62658175859323;184.70787747142785;143.17821063276352;134.46932735757994
203.08865059377396;193.49418595916518;149.03690818049066;136.517398158623
196.32880583347927;173.1415605797753;146.38647478507022;134.3800580443393
187.8643127366132;165.91865476793137;142.89856542317;131.52946437965906
162.18816233005415;150.42606157179014;136.4734406395618;137.20787149431334
148.92279879185725;139.44532978913278;132.5481044753187;133.00375934536586
135.77186748365804;123.1665539016173;134.5362404707371;134.7145129523913
139.38794782907166;121.6552506059644;130.38404810405297;128.03515142334936
145.67086187704115;133.9589489358587;131.04579352272242;128.76334882255898
166.83225107874077;154.8418548067673;135.47324459095236;130.13838787997952
184.8053029542172;172.5688268488837;141.2267680009707;132.9661611087573
183.6627343801676;171.1899529762188;141.6756859873987;135.83077707206124
175.17134468856486;159.84992962150469;137.2443077143821;133.73481222179961
157.26728839781018;123.71337841963576;138.03260484392808;136.4734406395618
145.41664278891878;111.40017953306898;131.52186130069785;128.7245120402482
145.6605643267937;105.68348972285122;125.8729518204765;123.0690862889621
146.81961721786362;112.6454615153225;128.7245120402482;123.7457069962429
164.7573974060042;142.8355697996826;136.12494260788506;126.66885963013956
179.76929659983654;173.35801106380978;140.86873322352267;132.13629327327143
198.21705274773913;189.52836199366047;147.32277488562318;139.70325694127536
192.5876423865249;172.19175357722565;147.08500943332058;134.46932735757994
173.4041521994211;132.03408650799233;136.88316185711082;129.634100452003
160.3277892319357;115.83609109426992;135.94851966829208;129.4488315899375
158.93709447451215;112.69871339105873;128.76334882255898;124.65151423067431
183.50476833041697;212.8778992756176;132.3782459469833;164.62381358722072
163.37074401495514;164.19500601419034;100.9554357129917;112.50777750893491
157.8005069700348;150.58552387264854;101.83319694480774;103.77379245262264
153.95129099815955;160.65490966665163;97.24710792614863;98.47842403288143
149.78985279383915;153.93829932800998;106.85036265731624;91.02197536858887
149.77316181479245;153.37861650177967;93.81364506296512;107.42439201596628
152.63354808167173;151.7926216915697;95.69221493935649;102.47438704378767
163.682619724881;165.3602128687551;100.43903623591775;112.71202242884297
162.5423021862309;167.72596698186004;101.25709851659784;106.4377752492037
157.63248396190426;157.15597347857954;94.62557793746889;102.85912696499032
168.11900546934007;172.51376756653366;105.39449701004318;112.0044641967453
158.09174551506476;167.05687654209268;103.85566907973777;108.90821823902914
173.738308959193;180.0999722376436;105.94810050208545;106.06601717798213
171.96511274092776;173.4156855650607;117.79643458101778;120.60265337047937
172.23530416264836;176.50212463310464;107.20074626605917;111.89280584559492
173.92527130926086;176.00568172647155;105.80170130957252;114.06138698087096
157.88920165736477;167.86303941010956;108.45275469069469;100.42410069301094
170.01764614298128;170.13524032369074;107.20074626605917;114.9086593777858
162.60381299342276;162.9846618550347;99.56907150315303;97.41663102366043
149.80320423809366;139.5886814895821;107.29864864013899;99.20181449953424
145.24462124292245;148.06079832285116;93.34880824091971;106.47065323364932
149.04026301640775;152.26621424334422;95.1892851112981;95.1892851112981
144.9413674559475;144.81022063376605;95.85405573057407;91.40021881811882
130.17680284904833;132.92479076530458;83.60023923410746;82.46211251235322
134.6291201783626;140.42791745233566;78.74642849044012;82.365041127896
156.54072952429985;151.64761785138597;109.62207806824317;98.00510190801293
147.49237268414933;150.41608956491322;124.53112060846478;76.40026177965623
157.54364474646383;164.83931569865243;100.9554357129917;106.50821564555478
160.18114745499858;164.46884203398528;93.72299611087985;118.33849753989612
159.3267083699403;169.57889019568444;74.84650960465692;135.00370365289984
158.90248582070703;171.0263137648707;88.68483523128404;128.08200498118384
168.11900546934007;176.30087918101827;122.96747537458837;93.81364506296512
169.11830178901394;166.4001201922643;143.26548781894402;88.75246475450696
169.162643630324;181.94504664870655;79.90619500389191;127.01574705523721
158.42032697857937;176.40861656959956;78.23042886243178;141.94717327231282
165.3027525481654;164.28329190760695;112.0446339634344;101.59724405711013
173.6663467687393;165.60495161679194;139.51702405083043;84.86459803710851
165.89454481688057;172.1772342674838;102.17631819555841;102.2154587134451
170.84788555905513;172.70784579746226;107.81465577554843;112.36102527122117
166.35504200354134;173.5885940953495;104.00480758118829;109.55363982999378
159.84992962150469;172.40939649566667;95.80187889597991;128.50291825480073
152.9477034806342;171.72361514946044;78.2368199762746;127.91012469699183
154.3502510525979;167.5857989210303;75.16648189186454;128.87590930814028
163.76812876747417;171.51093259614677;86.45229898620394;116.76472069936193
176.02556632489498;165.92166826548;121.40016474453401;105.0
167.91962362987834;158.95911424010893;123.06502346320826;91.40021881811882
171.40595088852663;161.38463371709216;122.44182292011173;97.082439194738
154.92256130079957;174.1866814656046;88.86506625215557;128.79829191413992
153.4959282847594;167.2154299100415;74.30343195303969;139.08630414242805
163.93291310777101;169.59363195591985;89.9388681271896;125.7179382586272
175.60182231400674;166.8112706024386;134.33167906342868;85.70297544426332
173.87639287723908;161.92899678562824;140.98226838861686;77.83315488916018
151.3968295572929;176.02556632489498;75.0;136.85393673548452
149.12075643584967;173.67786272291585;59.481089431852205;147.2582765076381
149.56269588369955;162.01234520862909;57.55866572463264;140.0142849854971
171.18703221914913;165.91865476793137;111.8257573191436;109.65856099730654
165.32392446346051;165.3420696616563;97.45255255764212;114.5294721894762
164.83931569865243;164.12495239907915;109.20164833920778;110.13627921806692
161.82088863926066;162.60381299342276;101.83319694480774;110.9414259868693
165.8493292117879;140.089257261219;142.21462653327893;61.741396161732524
161.40012391568973;155.4155719353759;110.78808600206071;94.03190947758107
141.94717327231282;157.54364474646383;72.91776189653656;107.42439201596628
141.54857823376398;164.21023110634732;59.033888572581766;127.22421153223941
166.06625183943908;156.58863304850706;120.10412149464314;99.86490875177326
169.45205811674285;165.91865476793137;120.6731121667126;97.3498844375277
166.5322791533221;171.96511274092776;89.10667763978185;131.48764200486676
159.26079241294764;172.6528308484978;101.82828683622247;123.00406497347964
164.83931569865243;172.18594600024707;106.15083607772479;120.83045973594572
167.70509831248424;176.81628884240274;99.29753269845128;120.65239326262865
163.97560794215707;164.80594649465777;96.25487000666512;119.03780911962384
170.98830369355676;167.0478973228936;104.10091258005379;116.21101496846157
157.94302770302968;160.58953888718904;95.96353474106714;103.46980235798269
150.23315213360866;149.4958193395387;91.52595260361949;99.56907150315303
146.37281168304446;148.94629904767692;86.53323061113575;98.47842403288143
153.8473269186046;152.97712247261026;92.57429448826494;81.02468759581859
140.98226838861686;135.4843164355196;87.36704184073076;88.0056816347672
125.7179382586272;121.24768039018313;87.36704184073076;84.29116205154607
146.98639392814562;150.90394295710104;92.00543462209176;105.11898020814318
142.8355697996826;145.34441853748632;91.60785992479029;98.2700361249552
148.51935900750448;153.68799562750502;82.41965784932621;109.5673308974897
160.86329600005092;158.68522300453813;102.08329931972223;103.77379245262264
158.4455742518547;159.38946012832844;107.62899237658968;109.288608738514
158.21820375671064;159.0125781188394;111.07204868912791;112.4144118874444
155.03870484495155;158.80806024884254;99.48869282486326;106.85036265731624
150.8011936292283;153.68148880070103;92.9569792968769;107.33126291998991
151.48927354766738;152.59423318068085;88.0056816347672;103.46496991735899
148.12157169028418;156.46085772486356;92.00543462209176;105.55093557141026
165.3027525481654;167.83920876839238;96.79876032264049;101.07917688624102
170.01764614298128;171.7672844286711;102.20078277586722;105.58882516630251
164.2589419179364;165.12419568312816;104.23531071570709;110.78808600206071
159.20113064925135;163.2666530556684;98.85848471426213;110.14535850411491
150.63200191194434;155.8717421471897;91.60785992479029;106.06601717798213
146.82302271782856;150.88074761214565;89.30845424706443;104.27847332982968
158.38244852255568;161.55494421403512;92.35799911215054;103.75451797391764
169.28378540191025;172.03778654702577;101.01980003939822;101.11874208078342
164.19500601419034;165.1575005865613;106.82696288858914;112.05802068571441
156.28499608087785;162.04937519163718;99.29753269845128;107.33592129385204
155.08062419270823;155.6181223379848;91.0659101969557;100.64790112068906
153.6522046701576;154.50889942006577;97.12878049270464;100.23971268913334
166.96406799069075;163.11039206623224;98.00510190801293;105.94810050208545
166.68833192518306;164.98484778912274;104.04326023342406;107.37783756436893
154.5477272560163;158.68522300453813;98.4733466477097;108.2266141020775
149.5125412799876;152.2957648787385;94.57801012920498;105.58882516630251
154.18495387034366;159.45532289641508;101.35580891098448;108.16653826391968
154.3502510525979;153.6522046701576;95.25754563287887;92.78469701410896
148.86235252742716;148.8086019019062;98.48857801796105;96.02083107326243
159.26079241294764;156.7801007781281;93.86160024205851;110.5350623105628
155.3319027115808;158.90248582070703;75.82216034906945;123.8587905640936
159.3643623900902;158.90248582070703;94.11163583744573;108.84851859350222
163.40440630533806;157.15597347857954;97.9081201943945;106.4377752492037
130.51053597315428;143.26548781894402;49.040799340956916;124.45481107614924
163.835283135227;168.1903683330291;81.5659242576212;126.17844506887855
167.5857989210303;166.3640586184408;119.09659944767525;113.21660655575224
161.48374531202822;154.30489298787643;119.26860441876563;90.0
168.67127793433;161.01242188104618;120.10412149464314;100.4987562112089
165.89454481688057;172.30786401090347;81.34494452638098;125.53883861180172
162.60688792299052;166.3640586184408;90.50966799187809;120.81390648431164
162.265215003093;159.7779709471866;107.54068997360952;94.37160589923221
168.40427548016706;167.26326554267678;113.87712676389407;90.82400563727631
172.23530416264836;184.76200908195386;104.31682510506155;95.71833680126291
175.2369823981228;175.75551200460256;100.00499987500625;120.15406776301833
161.05899540230592;163.835283135227;87.6184911990614;127.09445306542689
163.04907236779974;165.92166826548;92.65527507918802;115.31695452100702
167.09278859364338;157.07959765672945;121.01652779682617;94.57801012920498
162.49615380063616;155.24174696260025;97.94896630388705;109.40292500660117
152.88230767489088;170.4494059831245;70.9365914038728;133.96268137059664
151.22169156572744;164.93938280471406;77.6659513557904;117.88553770501282
161.74362429474616;164.7573974060042;90.80198235721508;116.46887996370532
161.02794788483146;152.64337522473747;108.45275469069469;104.30723848324239
172.80335644888382;175.025712396779;115.97413504743201;103.77379245262264
187.77113729218343;191.23022773609824;108.72442227944924;139.97856978837868
218.28879952943075;223.87719848166762;118.81077392223317;156.66843970627906
233.80547470065795;229.2967509582288;143.22011031974526;161.05899540230592
197.85095400325974;201.64572894063488;126.65701717630967;135.41787178950938
183.19934497699495;182.53766734567415;118.22436297142819;118.84864324004712
160.262285020525;163.45335726133007;92.45539465060976;109.29318368498559
165.41463055002117;158.09490820390135;117.32433677630571;84.81155581640984
158.80806024884254;155.23530526268823;123.42204017111368;87.04596486914255
151.47607071745688;148.12157169028418;106.6770828247567;96.83491106000976
154.7966407904254;150.29637387508723;89.02246907382428;107.15409464878138
160.86329600005092;164.98484778912274;83.6301381082203;119.6202324023825
167.17057157286985;158.7765725792064;115.0;101.71037311896953
160.86018774078315;153.8440769090575;119.26860441876563;86.21484790916237
170.46993869888027;173.1040149736568;104.84750831564858;109.07795377618706
163.98170629676957;179.13681921927719;77.98717843338096;130.36103712382777
149.88328792764054;161.55494421403512;82.3286098510111;116.84605256490268
177.2596964907703;177.54436065389405;96.87620966986684;129.24395537122808
174.1551032843999;165.21803775617238;135.35139452550905;105.43718509140881
169.64963896218583;163.68567438844488;123.97580409095961;93.74433316206373
178.05897899291685;182.12358441453978;111.01801655587259;109.65856099730654
