DISTANCIA1;DISTANCIA2;DISTANCIA3;DISTANCIA4;POSICION
185.60711193270586;179.17868176767013;131.8256424221024;126.66885963013956;Izquierda
139.71399357258383;187.608635195718;73.02739212103907;152.2694979304785;Izquierda
181.13530854032848;197.08373854785685;102.6498904042279;165.59287424282482;Izquierda
185.930094390338;212.24985276791125;114.20157617125956;165.07574019219177;Izquierda
143.78456106272327;177.65415840897168;67.1863081289633;150.8011936292283;Izquierda
144.3918280236108;184.1140950606444;74.33034373659252;155.60205654167942;Izquierda
151.07613974417006;192.4162155328911;78.40918313565064;161.60445538412608;Izquierda
153.16004700965587;197.28405916343064;80.15609770940699;158.80806024884254;Izquierda
151.47607071745688;200.11246837716035;81.00617260431454;159.5054857990784;Izquierda
122.03687967167957;177.53027910753704;80.06247560499239;140.356688476182;Izquierda
128.2497563350512;196.22945752358385;92.11405973031478;136.69308687713507;Izquierda
135.72398461583714;179.8777362543792;67.06713054842886;142.87407042567241;Izquierda
135.72398461583714;179.8777362543792;67.06713054842886;142.87407042567241;Izquierda
142.35167719419397;181.37254478007415;70.11419257183242;152.80052355931247;Izquierda
144.5856147754679;181.10770276274835;76.11832893594026;151.47607071745688;Izquierda
147.33974345029924;187.608635195718;76.32168761236873;148.94629904767692;Izquierda
146.66969693839283;190.24457942343588;76.23647421018367;150.3362896974646;Izquierda
136.1800279042415;177.48521065147935;71.56814934033156;152.0131573252789;Izquierda
142.79005567615695;182.4828759089466;70.34912934784623;142.56226709757388;Izquierda
141.50971698084905;188.13824704190267;67.06713054842886;149.04026301640775;Izquierda
143.68368035375485;189.274932307477;71.56814934033156;163.67040050051813;Izquierda
143.8923208513922;193.14502323383846;81.34494452638098;154.76756766196203;Izquierda
148.03040228277433;195.88006534611938;75.31268153505093;154.48624534242524;Izquierda
144.6789549312546;198.39858870465787;73.06161783043132;157.54364474646383;Izquierda
203.59027481684876;210.77476129745705;123.98790263570072;154.0519392932137;Izquierda
151.19854496654392;196.66468925559565;71.02816342831905;164.2589419179364;Izquierda
151.32745950421557;193.05180651835403;76.6550715869472;157.05094714773293;Izquierda
151.11915828246265;196.9009903479411;82.49242389456137;159.22311389996113;Izquierda
158.02847844613325;208.12496246245908;77.1621668954417;154.8709139896837;Izquierda
155.54099138169335;208.65521800328887;86.57944328765345;165.0272704737008;Izquierda
155.23208431248997;218.81956036881164;103.09219175087898;163.8566446623389;Izquierda
154.20765220960988;221.92341021172146;101.86756107809786;161.13658802394943;Izquierda
152.41062955056645;222.55111772354684;105.51303237041384;160.75136080294934;Izquierda
140.356688476182;197.3448757885545;74.16872656315464;158.51813776347487;Izquierda
178.05897899291685;236.76359517459605;96.08329719571451;193.20455481173315;Izquierda
138.52075656738234;176.91806012954132;68.73136110975832;157.54364474646383;Izquierda
141.7956275771577;182.5705343148231;75.13321502504735;149.78985279383915;Izquierda
147.95945390545344;190.90573590125572;77.3692445355388;148.35430563350698;Izquierda
134.18271125595876;178.91059219621403;72.18032973047436;145.89036979869508;Izquierda
131.00381673829202;177.72169254201918;68.06614430096654;142.8355697996826;Izquierda
134.00373129133382;181.72781845386248;73.43704787094863;145.34441853748632;Izquierda
133.9589489358587;184.04347312523745;78.10249675906654;142.1724305201258;Izquierda
134.73306943731373;186.80738743422327;84.48076704197234;140.1606221447379;Izquierda
123.58397954427588;176.207264322445;67.26812023536856;141.24092891226678;Izquierda
123.58397954427588;176.207264322445;67.26812023536856;141.24092891226678;Izquierda
127.01574705523721;173.25414857947845;71.11258679024411;140.90067423543437;Izquierda
138.0905500025255;182.43354954612926;67.26812023536856;140.356688476182;Izquierda
125.89678312014172;177.48521065147935;74.95331880577403;142.52368224263643;Izquierda
134.73306943731373;182.00274723201295;75.32595834106593;144.02777509911067;Izquierda
134.34656675925888;185.80096878111266;76.79192665899195;138.2244551445221;Izquierda
136.06616037795732;189.2828571212935;79.07591289387686;133.3604139165742;Izquierda
145.0551619212498;201.13676938839401;75.18643494673756;137.92751719653333;Izquierda
144.05554484295286;196.7587355112855;76.40026177965623;138.75518008348374;Izquierda
141.0;195.93111034238538;77.27871634544663;142.35870187663275;Izquierda
129.5569372901351;171.81967291320282;64.32728814430156;145.86637720873168;Izquierda
120.10412149464314;166.19265928433782;70.25667228100119;144.03124660989366;Izquierda
126.0;173.25414857947845;71.02112361825881;134.79243302203577;Izquierda
128.0;183.14202139323461;74.95331880577403;132.60844618650805;Izquierda
128.39003076563228;188.86238376129853;76.15773105863909;130.6330739131557;Izquierda
130.4645545732633;191.7837323653912;77.20103626247513;130.91982279242512;Izquierda
128.06248474865697;186.6815470259447;76.68767828015137;131.2288078129189;Izquierda
121.01652779682617;167.60966559241146;69.92138442565336;143.60013927569847;Izquierda
127.01574705523721;177.89041570584965;73.76313442364011;141.4814475470194;Izquierda
130.11533345459327;183.15294155431957;81.34494452638098;141.7391971192161;Izquierda
124.45882853377658;188.35073665903195;94.51454914456292;137.05838172107534;Izquierda
117.08543888972702;185.39687160251654;97.52948272189288;134.79243302203577;Izquierda
114.93476410555685;182.4828759089466;95.70788891204319;132.85330255586422;Izquierda
123.14625451064275;192.5876423865249;82.0792300158816;127.02755606560333;Izquierda
122.06555615733703;163.37074401495514;67.11929677819934;140.92906016858268;Izquierda
123.62847568420473;174.79416466232504;72.80109889280519;140.75865870347016;Izquierda
132.6386067478093;177.80044994318772;71.30918594402827;136.69308687713507;Izquierda
126.25371281669304;165.0242406436097;66.70832032063167;139.38794782907166;Izquierda
129.65338406690356;170.41420128616042;70.57619995437555;147.6279106402309;Izquierda
142.1724305201258;182.45547402037573;73.24616030891995;153.1012736720371;Izquierda
141.69333082400175;187.8643127366132;74.54528824815154;147.35331689514152;Izquierda
141.2834031300209;189.2828571212935;77.27871634544663;140.54536634126364;Izquierda
137.10215169719257;189.44656238633627;84.64632301523794;141.8238343861849;Izquierda
139.46325680981354;193.43732835210477;86.83317338436964;140.42791745233566;Izquierda
138.97481786280562;196.45864704817652;87.80091115700337;138.6542462386205;Izquierda
124.10076550932311;169.7056274847714;71.25307010929424;140.6627171641441;Izquierda
135.0148140020198;172.59490143106777;66.09841147864296;149.20120642943877;Izquierda
125.03599481749245;167.6007159889241;71.16881339463234;140.41723540933285;Izquierda
124.14507642270796;172.81782315490494;73.824115301167;138.80922159568507;Izquierda
130.06152390311286;178.89941307897016;71.00704190430693;141.8344104933637;Izquierda
135.29966740535616;183.25119372053214;74.46475676452586;136.2130683891968;Izquierda
134.08206442324789;183.53473785635242;78.84795495128583;136.8575902169843;Izquierda
134.72935834479432;184.2878183711555;79.40403012442127;132.60844618650805;Izquierda
134.45073447177595;184.04347312523745;77.4919350642375;133.1465358167459;Izquierda
131.18688958886096;192.52012881774206;77.3692445355388;138.67948658687772;Izquierda
133.18408313308313;191.7837323653912;76.68767828015137;141.4496376806954;Izquierda
126.4792473095883;166.97305171793442;63.06346010171025;144.81022063376605;Izquierda
129.65338406690356;167.88686666919483;69.02897942168927;148.67750334196495;Izquierda
133.09395177843356;175.06855799943062;72.00694410957877;145.41664278891878;Izquierda
138.00362314084367;176.7766952966369;70.57619995437555;143.45033983926285;Izquierda
135.00370365289984;180.3247071257846;72.00694410957877;140.91131963046828;Izquierda
137.03284277865654;184.5670609832643;73.24616030891995;143.12232530251876;Izquierda
120.10412149464314;167.36188335460378;67.89698078707183;135.66502865514016;Izquierda
129.18978287774928;163.37686494727458;68.94200461257273;137.0;Izquierda
129.18978287774928;163.37686494727458;68.94200461257273;137.0;Izquierda
121.0;163.24827717314508;69.2314957226839;140.0;Izquierda
190.60167890131504;215.23243250030885;101.41498903022176;172.7917822120022;Izquierda
134.4953530795767;169.85287751463028;66.48308055437865;146.98639392814562;Izquierda
133.5402561027947;177.1383639983163;71.02816342831905;149.00335566691106;Izquierda
137.87313008704777;182.25805880673698;75.66372975210778;147.13938969562162;Izquierda
138.32208789632983;182.22239159883728;78.31347265956222;145.90750494748377;Izquierda
140.68759717899798;185.82787734890587;75.1065909225016;144.18044250174847;Izquierda
139.84634424968;162.80049139974977;74.09453421137081;128.89142717807107;Izquierda
145.03103116229988;175.07141400011596;77.38862965578342;135.95955280891445;Izquierda
141.6756859873987;179.49373248110922;79.37883848986453;137.7425134081704;Izquierda
142.04576727238302;187.608635195718;85.23496934944014;139.5886814895821;Izquierda
128.76334882255898;168.77203559831824;65.03076195155643;141.77799547179387;Izquierda
134.21251804507656;174.61385970191483;69.46221994724903;142.6954799564443;Izquierda
132.00378782444085;170.60187572239644;64.93843238021688;139.31618714277246;Izquierda
131.47243057006287;170.03823099526764;69.00724599634447;137.6154061142865;Izquierda
134.8517704741024;176.17321022221284;70.00714249274856;135.38463723776047;Izquierda
137.8985134075056;176.70880000724355;74.67261881037788;132.9135057095403;Izquierda
147.46185947559457;181.11046352985792;85.42833253669417;135.07035203922436;Izquierda
151.16216457830973;192.77447963877376;87.84645695758026;140.00357138301865;Izquierda
133.3604139165742;178.54971296532514;66.48308055437865;144.00347218036097;Izquierda
131.24023773218335;170.07351351694948;67.06713054842886;142.21462653327893;Izquierda
137.0875632579411;174.73408368146153;71.11258679024411;141.0319112825179;Izquierda
139.46325680981354;180.62391868188442;72.24956747275377;136.1653406708183;Izquierda
145.8389522727039;188.8200201249857;78.08969202141856;143.7358688706476;Izquierda
152.7121475194426;193.49418595916518;84.48076704197234;143.17122615944868;Izquierda
152.84632805533798;188.60540819393276;92.17917335276988;137.82960494755835;Izquierda
152.0855022676389;188.09572031282372;92.66067126888301;137.92751719653333;Izquierda
153.37861650177967;190.8821626030049;85.42833253669417;139.5886814895821;Izquierda
153.1012736720371;190.8219064992277;85.492689745966;139.54210834009928;Izquierda
150.1532550429727;193.60010330575756;79.12016177940993;148.47558721890948;Izquierda
152.0855022676389;193.21490625725542;77.12976079309465;150.26975743641833;Izquierda
151.63442880823604;192.77447963877376;73.43704787094863;147.648230602334;Izquierda
130.24976007655445;170.07351351694948;72.02777242147643;143.17821063276352;Izquierda
134.8369385591352;176.4652940382329;68.8839603971781;140.52757736472938;Izquierda
137.6117727521886;180.31361568112376;69.00724599634447;135.56548233234005;Izquierda
140.68759717899798;183.91846019364124;71.06335201775947;138.53880322855397;Izquierda
141.79210133149166;187.77912557044246;72.3394774656273;138.7984149765407;Izquierda
149.90663761154806;194.48650338776724;75.92759709091287;142.6954799564443;Izquierda
152.82997088267732;196.02295783912658;75.96051605933177;148.92279879185725;Izquierda
153.80507143784303;193.00259065618783;75.18643494673756;147.59742545180114;Izquierda
150.1532550429727;192.62658175859323;78.44743462982075;152.0690632574555;Izquierda
151.99013125857877;193.80660463462024;73.824115301167;149.37201879870273;Izquierda
140.07141035914503;182.5212316416915;77.41446893184762;144.77914214416384;Izquierda
148.29699929533302;189.58902921846507;69.85699678629192;157.78466338652817;Izquierda
151.4199458459816;188.2153022471871;74.72616676907762;151.81897114655993;Izquierda
154.7804897265802;191.02355875650522;75.28612089887484;147.73286702694156;Izquierda
151.64761785138597;190.64626930522402;82.96987405076617;148.12494725737457;Izquierda
151.92103211866353;193.40372281835735;87.84645695758026;144.75496537252184;Izquierda
150.57224179774968;189.8341381311591;87.66413177577246;143.38758663147937;Izquierda
151.24152868838638;192.27584351654787;87.66413177577246;141.52384958020326;Izquierda
156.46724896923317;197.40820651634522;83.21658488546619;146.76852523616907;Izquierda
158.15182578775372;196.3797341886377;75.31268153505093;148.47558721890948;Izquierda
153.52524222420234;193.31321734428818;75.66372975210778;148.07092894960846;Izquierda
153.57408635573907;196.468827043885;72.53275122315436;147.13938969562162;Izquierda
150.47923444781344;192.753728887407;70.57619995437555;150.08331019803634;Izquierda
134.3726162579266;173.31185764395926;70.45565981523414;143.96180048887967;Izquierda
140.60227594174995;178.75122377203465;71.449282711585;142.35870187663275;Izquierda
142.55525244620065;181.40011025354974;73.43704787094863;140.1606221447379;Izquierda
146.98639392814562;190.41270965983338;78.16009211867653;144.4749113168096;Izquierda
146.5639792036229;189.25115587493778;81.32035415564789;142.66744548074027;Izquierda
148.94629904767692;190.8219064992277;84.43340571124678;142.6639407839276;Izquierda
147.7057886475679;189.4887859478761;83.48652585896721;141.77799547179387;Izquierda
147.7057886475679;189.16923639957952;80.0812087820857;143.1258187749506;Izquierda
146.24978632463024;191.70028690641024;78.85429601486528;142.22517358048822;Izquierda
140.356688476182;192.85227507084275;76.2954782408499;140.1606221447379;Izquierda
142.27438279606065;189.76037521042164;74.96665925596525;144.05901568454507;Izquierda
123.03657992645927;172.58621034138272;68.26419266350405;133.46160496562297;Izquierda
128.09761902549164;177.89041570584965;71.11258679024411;134.71822445385777;Izquierda
129.24782396620841;180.23595645708434;72.00694410957877;131.9280106724876;Izquierda
133.06013678032951;184.76471524617463;69.18092222571191;130.14222988715076;Izquierda
132.00378782444085;183.22117781522965;70.11419257183242;129.29423807734048;Izquierda
136.09188072769072;186.31693428134759;69.35416353759881;129.71121771072848;Izquierda
136.4734406395618;185.80096878111266;74.14849964766651;131.9280106724876;Izquierda
136.4734406395618;186.01075237738274;75.13321502504735;131.03434664239754;Izquierda
135.20355024924456;193.2174940319846;81.39410298049853;135.50645741070792;Izquierda
141.59802258506295;196.8146336022807;84.48076704197234;138.6542462386205;Izquierda
146.24978632463024;195.6016359849784;82.21921916437786;142.21462653327893;Izquierda
149.164338901763;193.60010330575756;78.44743462982075;143.55835050598765;Izquierda
147.220922426128;190.8821626030049;77.87810988975015;142.6639407839276;Izquierda
149.26486525636233;189.992105099133;84.48076704197234;141.3223266154361;Izquierda
151.82226450688975;193.6620768245554;86.40023148117139;144.02777509911067;Izquierda
153.37861650177967;194.982050455933;87.5956619930462;144.4506836259351;Izquierda
154.12008305214476;196.4001018329675;80.99382692526635;148.92279879185725;Izquierda
151.38031576133008;193.60010330575756;78.44743462982075;148.47558721890948;Izquierda
148.2767682410161;193.00259065618783;78.08969202141856;148.92279879185725;Izquierda
145.7840869230932;192.85486771144772;77.92945527847606;146.74126890551273;Izquierda
139.44174410842686;193.65949499056327;79.51100552753688;146.23952953972466;Izquierda
129.71121771072848;171.95929750961417;69.02897942168927;143.10835055998655;Izquierda
135.83077707206124;177.85949510779568;71.449282711585;139.98928530426892;Izquierda
135.44740676735012;183.8069639594757;72.06247289678588;136.41847382227965;Izquierda
136.7186892857008;184.6131089603336;71.0;135.988970140964;Izquierda
136.03308421115798;188.50198937942272;76.16429609731846;132.9699214108213;Izquierda
138.2931668593933;187.20042734993956;75.1065909225016;132.8834075421006;Izquierda
136.01470508735443;189.62067397834025;75.0066663703967;131.94695904036593;Izquierda
142.68847185389575;195.6016359849784;75.31268153505093;132.3782459469833;Izquierda
140.69825869569246;195.6016359849784;77.64663547121665;136.40014662748717;Izquierda
137.6154061142865;192.85486771144772;78.16009211867653;133.2816566523691;Izquierda
143.8923208513922;196.60366222428308;79.2464510246358;134.6476884316994;Izquierda
142.28492541376264;198.21705274773913;76.16429609731846;139.0898989862312;Izquierda
140.91131963046828;193.00259065618783;75.23961722390672;138.6542462386205;Izquierda
138.2931668593933;194.91793144808406;75.32595834106593;130.0;Izquierda
194.4453650771856;186.53149868051776;133.79461872586654;133.2216198670471;Arriba
197.62590923257;195.94131774590065;133.00375934536586;135.66502865514016;Arriba
193.3416664870767;195.35864454894235;137.3608386695422;134.01492454200763;Arriba
189.01058171435798;182.70467974302136;137.2953021774598;133.68619973654722;Arriba
177.73013250431114;177.00282483621552;136.56134152826706;137.43725841270262;Arriba
172.59490143106777;164.83021567661677;138.59292911256333;134.46932735757994;Arriba
168.2914139223983;148.12494725737457;132.94359706281458;128.3160161476345;Arriba
155.21919984331836;144.20124826089406;132.45754036671525;127.27922061357856;Arriba
149.68299836654796;142.80056022299073;125.25573839150046;124.52309022827855;Arriba
156.02884348735012;157.4325252290644;124.73972903610141;127.91403363196706;Arriba
157.63248396190426;160.70469812671936;129.18978287774928;127.40486646906389;Arriba
179.4017837146554;175.64168070250295;129.07362240210043;129.0155029444136;Arriba
186.81541692269406;178.73443988218946;137.44089638822936;130.59862173851607;Arriba
176.47662734764623;166.58031096140985;133.6899397860587;127.47548783981962;Arriba
158.80806024884254;155.8717421471897;126.58988901172162;123.76186811776881;Arriba
152.7612516314265;136.34148304899725;128.00390619039717;121.63058825805291;Arriba
144.58907289280197;123.89108119634763;122.9186723000212;118.92854997854805;Arriba
139.0323703315167;109.59014554237986;121.40016474453401;117.51595636338071;Arriba
136.56134152826706;120.93386622447825;115.36463929644994;109.78615577567146;Arriba
138.6001443000692;142.43595051811886;117.0341830406826;111.12605455067681;Arriba
143.60013927569847;146.81961721786362;116.27553482998907;115.62439189029277;Arriba
166.96406799069075;160.75136080294934;122.3315167894194;123.40583454602137;Arriba
168.6001186239203;170.66048165876012;125.15989773086265;129.80754985747168;Arriba
166.96406799069075;166.35504200354134;127.34991166074674;130.60245020672468;Arriba
152.3056138164316;148.94629904767692;128.08200498118384;129.72663566130126;Arriba
147.07821048680188;138.13037319865606;125.25573839150046;127.01574705523721;Arriba
143.62799170078233;132.87964479181903;125.93649193144932;124.84390253432484;Arriba
138.59292911256333;131.65485179058157;125.15989773086265;124.57929201917949;Arriba
137.18600511714013;130.59862173851607;124.52309022827855;121.69634341261039;Arriba
146.0;140.71957930579526;124.73972903610141;123.1665539016173;Arriba
149.80320423809366;148.05404418657398;123.98790263570072;124.84390253432484;Arriba
159.5054857990784;163.40440630533806;124.32618388738553;123.43419299367578;Arriba
168.04761230080004;160.90991268408544;126.81088281373961;124.19742348374221;Arriba
177.85949510779568;175.1142484208524;129.49517365523704;130.59862173851607;Arriba
171.20747647226156;169.19810873647495;130.86252328302402;131.36590120727678;Arriba
162.18816233005415;153.1012736720371;130.83195328359201;133.30416347586447;Arriba
154.8967397978408;140.34600101178515;130.8166656049603;129.4488315899375;Arriba
147.78700890132393;133.4541119636259;128.00390619039717;127.34991166074674;Arriba
140.0142849854971;129.80754985747168;125.15989773086265;123.76186811776881;Arriba
142.1442928857856;129.63024338479042;123.84264209067892;121.6552506059644;Arriba
144.9586147836685;128.6001555209013;123.10970717209915;122.42957159118053;Arriba
152.7939789389621;136.48443134658254;125.99206324209474;123.10970717209915;Arriba
154.26276284314372;159.45532289641508;125.09996003196804;121.16517651536682;Arriba
163.8078142214223;167.53805537847214;125.1758762701504;130.24976007655445;Arriba
180.60177186284747;177.00282483621552;130.23056476879765;129.0155029444136;Arriba
182.20043907740728;180.0999722376436;131.52946437965906;133.22537295875736;Arriba
180.54362353736008;175.5135322418189;134.35028842544403;133.22537295875736;Arriba
173.23394586512194;172.69916039170545;132.9661611087573;135.0;Arriba
163.51758315239374;160.58953888718904;133.64505228402584;131.71180660821565;Arriba
150.74813431681335;145.2067491544384;132.27622613304328;132.32157798333574;Arriba
143.55835050598765;135.4289481610191;127.40486646906389;127.34991166074674;Arriba
139.34489585198304;130.41855696180662;124.45079348883236;123.0447073221762;Arriba
135.10366390294527;129.8345100502944;125.15989773086265;125.15989773086265;Arriba
137.18600511714013;128.5496013218244;123.0690862889621;122.38055401083949;Arriba
145.72576985557495;135.41787178950938;124.52309022827855;124.57929201917949;Arriba
148.16544806398016;145.24462124292245;125.25573839150046;126.15070352558483;Arriba
142.20056258679148;151.74320413119;122.494897852931;123.3288287465668;Arriba
160.3277892319357;166.4001201922643;124.65151423067431;127.7810627597063;Arriba
168.00297616411441;169.4609099468075;126.57408897558773;134.46560898608982;Arriba
167.20047846821492;171.96802028284213;130.11533345459327;135.8712625980932;Arriba
159.7904878270293;155.42522317822161;132.93607486307093;134.46932735757994;Arriba
153.05554547287727;146.01369798755184;128.70120434556935;128.81770064707723;Arriba
148.51935900750448;137.63720427268203;128.00390619039717;128.08200498118384;Arriba
146.37281168304446;133.80956617521784;127.98828071350908;126.62148316932637;Arriba
140.71602609511115;126.01587201618692;124.45079348883236;120.91732712891069;Arriba
145.45446022724775;120.93386622447825;120.34118164618461;119.09659944767525;Arriba
137.64446955835166;120.95040305844375;121.82774724995944;118.3427226321923;Arriba
140.71602609511115;130.0;123.79418403139947;118.86967653695369;Arriba
147.41099009232656;142.41137595009747;121.0826164236634;119.20570456148481;Arriba
149.80654191322887;152.2005256232711;119.00420160649792;120.10412149464314;Arriba
154.01298646542764;156.16017418023074;118.0889495253472;120.42009799032718;Arriba
146.3488981851247;144.22205101855957;117.38824472663352;116.3872845288522;Arriba
129.5569372901351;113.20777358467925;115.10864433221339;115.27792503337315;Arriba
122.78843593759146;101.78899744078434;112.0446339634344;110.3177229641729;Arriba
118.92854997854805;98.812954616285;106.7941945987702;105.41821474489122;Arriba
122.38055401083949;108.23123393919151;104.9952379872535;101.11874208078342;Arriba
129.07362240210043;117.61377470347595;104.80935072788114;100.44899203078147;Arriba
141.8731828077456;130.6330739131557;108.70602559196064;104.9952379872535;Arriba
146.98639392814562;137.2953021774598;113.35784048754634;111.28791488746656;Arriba
145.09651959988565;132.07573584879245;113.14592347937243;114.21471008587291;Arriba
138.70832707519762;128.16005617976296;113.86395390991831;113.27841806805037;Arriba
137.2443077143821;122.4499897917513;114.10959644131601;115.62439189029277;Arriba
130.17680284904833;118.46096403457132;114.69088891450794;115.43396380615195;Arriba
126.0634760745554;114.62111498323509;112.60994627474076;114.10959644131601;Arriba
123.76186811776881;115.25623627379127;111.01801655587259;110.45361017187261;Arriba
123.76186811776881;111.66467659918243;111.73182178770737;110.3177229641729;Arriba
127.98828071350908;115.25623627379127;113.21660655575224;111.03603018840326;Arriba
129.4488315899375;113.6001760562016;111.73182178770737;111.80339887498948;Arriba
130.13838787997952;118.2285921425101;111.8659912573969;110.34491379306978;Arriba
135.5912976558599;128.42507543311004;115.10864433221339;113.14592347937243;Arriba
139.20129309744217;138.84163640637487;111.19802156513397;115.52056094046635;Arriba
143.22360140703069;142.41137595009747;113.84638773364749;119.85407794480753;Arriba
153.83757668398187;151.2679741386127;112.43220179290273;117.80067911519016;Arriba
156.236999459155;161.4465855941215;113.84638773364749;120.20815280171308;Arriba
161.15210206509875;164.83021567661677;115.26057435220423;121.21056059601408;Arriba
161.4187101918486;166.13849644197458;117.38824472663352;123.84667940643382;Arriba
162.8649747490233;164.83021567661677;116.67476162392619;124.80785231707178;Arriba
153.8083222715858;150.23315213360866;120.24142381059865;120.42009799032718;Arriba
144.3606594609487;135.6244815658294;120.96693763173474;121.0826164236634;Arriba
137.93114224133723;128.14054783713078;117.38824472663352;115.36463929644994;Arriba
130.10764773832474;117.00427342623003;114.5512985522207;114.56002793295748;Arriba
198.600100704909;199.60210419732553;125.99206324209474;140.1606221447379;Derecha
166.71232707871366;125.01599897613104;137.2953021774598;65.25335240430181;Derecha
173.31185764395926;125.60254774486066;138.2316895650198;76.92203845452875;Derecha
186.1316738225926;134.01492454200763;146.63219291819925;67.60177512462228;Derecha
182.58422713914803;148.0;145.43727170158274;86.76981041814025;Derecha
187.8776197422141;161.00310556011024;141.24092891226678;101.82828683622247;Derecha
191.17531221368517;149.75313018431368;156.41611170208776;72.44308110509934;Derecha
183.86951895297926;139.60659010233005;152.26621424334422;73.43704787094863;Derecha
187.8776197422141;140.03570973148243;154.40207252495026;70.25667228100119;Derecha
175.82377541163197;135.83077707206124;152.00328943809077;72.06247289678588;Derecha
173.95401691251627;135.05924625881784;154.8418548067673;79.0;Derecha
183.89671013914307;145.7737973711325;153.11760186209813;76.68767828015137;Derecha
189.9315666233499;142.50614021858848;152.86922515666782;71.25307010929424;Derecha
184.28510520386612;140.91131963046828;151.48927354766738;70.71067811865476;Derecha
173.4848696572701;134.97407158413796;148.22280526288793;74.81310045707235;Derecha
174.0;140.00357138301865;150.8011936292283;70.11419257183242;Derecha
183.86951895297926;148.6371420607918;155.08062419270823;77.4919350642375;Derecha
187.72320048411703;141.718029904455;153.40469353966978;71.02816342831905;Derecha
165.3027525481654;128.2692480682724;135.60235986147143;62.0;Derecha
165.0;124.61540835707277;142.12670403551894;66.03029607687671;Derecha
166.1715980545412;132.00378782444085;150.60212481900777;69.26037828369117;Derecha
170.66048165876012;132.54433220624713;144.03124660989366;66.03029607687671;Derecha
171.8254928699464;132.30646242719968;150.60212481900777;69.06518659932803;Derecha
166.35203635663737;129.5569372901351;146.60491124106312;70.34912934784623;Derecha
174.77127910500627;135.2368293032634;151.71684151734772;76.0;Derecha
183.89671013914307;142.28492541376264;153.39491516996253;68.18357573492314;Derecha
181.3201588351389;139.91783303067555;149.6262009141447;67.36467917239716;Derecha
161.37533888422976;122.9186723000212;122.4499897917513;61.0;Derecha
174.6682569902156;134.0;137.71347065556077;62.12889826803627;Derecha
173.24260445975753;134.00373129133382;143.6697602141801;67.11929677819934;Derecha
178.33115263464205;143.1258187749506;148.38463532320318;61.032778078668514;Derecha
161.72198366332265;123.14625451064275;127.1416532848303;63.150613615387776;Derecha
165.48715962273326;129.0968628588627;137.90576492663388;63.387695966961914;Derecha
176.18456232031227;139.74262055650738;152.12166183683374;71.02112361825881;Derecha
183.20753259623362;137.03284277865654;148.66068747318505;72.00694410957877;Derecha
178.33115263464205;139.51702405083043;148.38463532320318;65.12296062065974;Derecha
172.5340546095176;139.01438774457844;155.6181223379848;67.36467917239716;Derecha
176.69465187152667;147.36349615830918;153.7010084547268;71.11258679024411;Derecha
187.1095935541521;149.68299836654796;157.30543537970962;82.28000972289685;Derecha
190.26297590440447;152.31546211727817;153.83432646844463;81.27115109311545;Derecha
191.62724232217087;146.12323566086263;152.26621424334422;74.52516353554684;Derecha
181.01933598375618;139.43457247038842;150.33296378372907;71.56814934033156;Derecha
171.5925406304132;139.2300254973761;147.02720836634285;70.11419257183242;Derecha
185.60711193270586;154.7384890710776;152.26621424334422;80.52949770115296;Derecha
191.80198122021577;159.3988707613702;149.21461054467824;91.4166286842826;Derecha
189.805163259591;163.87800340497196;145.90750494748377;103.81233067415451;Derecha
193.2174940319846;159.76545308670458;148.4082207965583;95.88013350011565;Derecha
197.3854097951518;151.25144627407698;153.39491516996253;84.30895563343196;Derecha
192.33824372703418;144.01388821915754;156.92354826475216;73.02739212103907;Derecha
183.74166647769363;148.48568954616468;155.5538491969903;71.06335201775947;Derecha
188.2153022471871;155.502411556863;151.47607071745688;82.85529554590944;Derecha
192.09372712298546;159.76545308670458;148.94629904767692;98.79271228182775;Derecha
193.98195792392653;158.14550262337528;153.1012736720371;93.02150289046077;Derecha
194.164878389476;150.44268011438774;155.72411502397438;82.00609733428362;Derecha
193.05180651835403;150.02999700059985;156.5790535161073;69.02897942168927;Derecha
182.4828759089466;141.35416513141735;154.20765220960988;71.25307010929424;Derecha
180.62391868188442;149.96666296213968;155.92626462530293;69.18092222571191;Derecha
185.06755523321746;157.19096666157378;151.47607071745688;83.2586331859946;Derecha
191.4001044931794;159.53056133543816;147.33974345029924;94.51454914456292;Derecha
191.4001044931794;164.69365500832143;145.08618128546908;107.20074626605917;Derecha
193.65949499056327;164.9151296879701;148.38463532320318;98.4733466477097;Derecha
200.1724256734678;153.9415473483361;157.62296786953354;77.88452991448301;Derecha
191.637678967368;149.00335566691106;157.62296786953354;71.00704190430693;Derecha
182.70194306574848;144.0;159.15401345866212;74.52516353554684;Derecha
179.74426277353055;146.00342461736986;153.93829932800998;70.45565981523414;Derecha
178.99720668211557;146.11296999240005;155.72411502397438;74.00675644831355;Derecha
188.35339126227592;156.20499351813308;154.5477272560163;79.6994353806851;Derecha
191.80198122021577;157.64834283937145;155.08062419270823;83.21658488546619;Derecha
195.20758181996928;148.05404418657398;161.0372627685903;76.00657866263946;Derecha
184.7187050625897;145.08618128546908;156.5790535161073;73.348483283569;Derecha
174.82848738120455;135.03332921912278;153.7010084547268;76.53103945458993;Derecha
176.3887751530692;137.2953021774598;149.56603892595405;74.00675644831355;Derecha
179.8054504179448;142.772546380598;149.89329538041386;74.04052944165107;Derecha
187.76847445724215;152.08221460775746;155.3962676514465;79.71198153351854;Derecha
184.7187050625897;147.648230602334;151.43315356948756;76.92203845452875;Derecha
190.59118552545917;146.66969693839283;153.44705927452634;69.1158447825099;Derecha
172.74258305351347;136.01470508735443;151.71684151734772;75.53806987208503;Derecha
174.0028735394907;139.17614738165446;147.14618581533128;71.449282711585;Derecha
167.6573887426379;122.14745187681976;129.1394595001853;66.03029607687671;Derecha
181.738823590338;135.0148140020198;143.42245291445826;69.87131027825369;Derecha
185.04323819042943;148.43180252223578;150.88074761214565;84.86459803710851;Derecha
190.3943276465977;153.80507143784303;152.32202729743324;82.21921916437786;Derecha
191.10729970359583;146.16771189288008;152.0131573252789;77.41446893184762;Derecha
184.78365728602733;138.1774221788784;154.0519392932137;76.90253571892151;Derecha
178.2133552795637;135.6244815658294;144.5060552364502;72.69112738154499;Derecha
171.1724276862369;134.45073447177595;147.33974345029924;70.3420215802759;Derecha
167.4305826305338;134.45073447177595;148.71785366928881;73.54590403278758;Derecha
175.64168070250295;139.51702405083043;147.27525250360293;73.24616030891995;Derecha
188.35073665903195;149.4590244849738;153.7010084547268;78.44743462982075;Derecha
189.90787240133042;157.56268593801008;149.4958193395387;88.10221336606703;Derecha
191.637678967368;159.76545308670458;147.82760229402356;96.89685237405806;Derecha
195.38935487891862;156.43848631331102;149.78985279383915;87.32124598286491;Derecha
197.6486782146544;153.55129436120035;159.0125781188394;74.24284477308234;Derecha
190.9240686765291;145.41664278891878;154.5477272560163;71.25307010929424;Derecha
181.95878654244757;143.58969322343438;151.23822268196622;67.00746227100382;Derecha
171.95929750961417;142.35167719419397;155.08062419270823;74.96665925596525;Derecha
180.47991578012218;144.00694427700353;153.1012736720371;74.81310045707235;Derecha
184.94593804677083;153.05554547287727;151.17208737065187;78.0;Derecha
189.62331080328704;156.20499351813308;153.7010084547268;80.65358020571685;Derecha
188.73261509341728;149.96666296213968;156.92354826475216;75.1065909225016;Derecha
186.86893802876924;144.0;154.0194792875239;75.16648189186454;Derecha
182.12358441453978;143.1258187749506;151.2679741386127;74.52516353554684;Derecha
179.96110690924303;147.00340132119393;151.47607071745688;69.46221994724903;Derecha
177.2596964907703;139.35924798878617;154.18495387034366;79.07591289387686;Derecha
187.8643127366132;149.6562728387955;153.4959282847594;73.24616030891995;Derecha
187.21111078138497;152.6106156202772;152.85614151874958;79.37883848986453;Derecha
192.4266093865399;158.86157496386593;154.69324484281788;80.65358020571685;Derecha
194.20092687729377;159.11002482559041;151.7926216915697;85.70297544426332;Derecha
198.72845795205075;153.11760186209813;153.6522046701576;76.68767828015137;Derecha
186.86893802876924;150.00333329629711;153.7010084547268;70.178344238091;Derecha
185.28356645962967;145.34441853748632;153.44705927452634;73.02739212103907;Derecha
177.80044994318772;146.08559134972896;154.23683088030563;72.03471385380801;Derecha
175.64168070250295;146.03081866510234;151.17208737065187;67.36467917239716;Derecha
183.20753259623362;155.1934276958918;153.37861650177967;70.57619995437555;Derecha
182.98087331740442;152.7776161615307;149.77316181479245;76.84399781375251;Derecha
190.93978108293726;151.90786681406595;152.80052355931247;86.4060183089118;Derecha
194.48650338776724;151.33076356114773;158.11388300841898;76.6550715869472;Derecha
187.21111078138497;140.1606221447379;152.86922515666782;71.00704190430693;Derecha
174.82848738120455;132.23085872821065;147.05441169852742;72.56031973468694;Derecha
164.26807358704855;131.13733259449805;143.95138068111746;72.06247289678588;Derecha
176.24131184259835;139.2300254973761;148.4082207965583;71.02816342831905;Derecha
186.07794065928394;146.5127980757995;153.1012736720371;77.62087348130012;Derecha
189.2828571212935;155.46703830716015;153.4959282847594;80.65358020571685;Derecha
190.85072700935672;154.98709623707387;150.94369811290565;85.09406559801923;Derecha
192.20041623263984;149.25481566770299;150.88074761214565;88.25531145489205;Derecha
192.66551326067673;147.50254235097103;149.4958193395387;83.5224520712844;Derecha
193.05180651835403;147.05441169852742;150.88074761214565;75.13321502504735;Derecha
183.98369492974098;145.1240848377691;152.85614151874958;72.02777242147643;Derecha
179.74426277353055;144.00347218036097;152.85614151874958;70.45565981523414;Derecha
176.47946056127893;142.42541907960108;151.47607071745688;72.00694410957877;Derecha
181.95878654244757;144.12494579357175;150.63200191194434;72.00694410957877;Derecha
182.33211456021672;147.6651617681029;149.78985279383915;73.24616030891995;Derecha
183.44754018519845;149.12075643584967;150.33296378372907;70.02856560004639;Derecha
179.61069010501575;141.01418368376991;149.26486525636233;73.24616030891995;Derecha
177.55280904564702;142.01408380861386;150.3362896974646;72.0;Derecha
177.49647883831386;139.51702405083043;151.72672803431834;71.7007670809734;Derecha
171.21331723905124;135.94484175576505;148.44864431849825;69.05070600652827;Derecha
173.4156855650607;137.23337786413333;156.7226850203888;69.58448102845921;Derecha
171.3300907604966;131.4610208388783;152.2957648787385;71.56814934033156;Derecha
167.621597653763;135.09256086106296;145.3409783921933;68.59300255857006;Derecha
174.6682569902156;136.61991070118586;151.99013125857877;72.00694410957877;Derecha
180.71247881648904;146.03081866510234;149.56603892595405;79.84985911070852;Derecha
190.23406634985227;159.15401345866212;147.14618581533128;94.57801012920498;Derecha
191.66898549321954;167.72000476985446;147.49237268414933;102.39628899525607;Derecha
196.45864704817652;164.9151296879701;148.86235252742716;93.53608929178085;Derecha
201.2212712413874;157.50872991678906;156.5790535161073;81.59656855530139;Derecha
200.94277792446286;148.75819305167698;158.68522300453813;74.02702209328699;Derecha
194.90510511528424;134.80726983364065;157.8670326572334;80.00624975587844;Derecha
184.19554826325202;131.97348218486925;149.40214188558343;80.02499609497022;Derecha
178.932948335403;137.44089638822936;146.44111444536333;73.55270219373317;Derecha
179.6941846582688;138.2316895650198;150.33296378372907;75.16648189186454;Derecha
188.08774548066654;149.8966310495336;155.2063143045411;83.16850365372699;Derecha
192.25503894566717;153.73353570382747;150.41608956491322;90.47098982546837;Derecha
195.0640920313116;158.86157496386593;148.94965592440957;87.32124598286491;Derecha
200.39211561336438;151.11915828246265;161.13658802394943;76.00657866263946;Derecha
194.51735141112732;150.74813431681335;156.41611170208776;71.80529228406496;Derecha
187.32325002519042;140.57738082636197;149.01342221424215;73.10950690573696;Derecha
176.91806012954132;137.5245432641025;151.82226450688975;72.17340230306452;Derecha
176.30938715791623;137.13132391981054;151.99013125857877;79.02531240052139;Derecha
186.03494295427404;142.35167719419397;148.69095466772686;79.62411694957753;Derecha
186.47251808242416;148.2767682410161;152.12166183683374;81.78630692236935;Derecha
193.7937047481161;142.1724305201258;152.64337522473747;78.77182237323191;Derecha
153.67498169838836;116.90166808048549;126.21014222319853;58.008620049092706;Derecha
152.620444239951;118.82760622010359;127.4401820463232;59.07622195096772;Derecha
155.97435686676192;121.80722474467596;137.80058055030102;64.28063471995279;Derecha
159.3643623900902;129.46814279968643;141.40014144264495;62.20128616033595;Derecha
170.07351351694948;135.0148140020198;146.98639392814562;67.446274915669;Derecha
181.2181006411887;146.6594695203825;152.2694979304785;80.95060222135473;Derecha
187.49133313302778;158.68522300453813;147.00340132119393;84.05950273467003;Derecha
192.85227507084275;161.533278305122;151.6047492659778;89.47066558375433;Derecha
201.80436070610565;155.00322577288512;158.80806024884254;76.92203845452875;Derecha
194.7562579225633;142.04224723651762;157.63248396190426;75.0066663703967;Derecha
179.76929659983654;137.10215169719257;148.22280526288793;71.34423592694787;Derecha
176.82759965570986;141.0319112825179;152.86922515666782;75.0;Derecha
185.26737435393204;146.4137971640651;150.60212481900777;78.44743462982075;Derecha
189.5521036549054;154.042202009709;152.41062955056645;81.93900170248598;Derecha
191.73158320944412;144.22205101855957;158.64425612041552;75.0;Derecha
185.52627846210896;137.7679207943562;156.1569723067145;77.10382610480494;Derecha
178.22738285684386;136.69308687713507;143.8401890988746;69.06518659932803;Derecha
165.55965692160635;131.06105447462264;148.12157169028418;75.13321502504735;Derecha
177.89041570584965;146.37281168304446;147.56693396557372;70.21395872616783;Derecha
188.43035848822237;150.44268011438774;156.46085772486356;81.9084855189009;Derecha
190.9240686765291;141.05672617780408;155.08062419270823;76.00657866263946;Derecha
182.43903091169938;136.7808466123821;146.72763884149435;74.52516353554684;Derecha
173.4156855650607;134.05968819895114;146.18481453283715;73.68174807915459;Derecha
178.24140933015536;138.01449199268893;147.82760229402356;73.02739212103907;Derecha
186.6815470259447;143.34922392534952;149.03019828209315;78.16009211867653;Derecha
188.80942773071476;148.56984889270097;148.4048516727132;79.84985911070852;Derecha
189.02116283633427;139.30183056945089;156.16017418023074;74.67261881037788;Derecha
184.19554826325202;138.2931668593933;149.61617559608987;72.44308110509934;Derecha
179.96110690924303;132.54433220624713;140.1606221447379;72.56031973468694;Derecha
184.85940603604675;137.93114224133723;146.81280598094978;79.2464510246358;Derecha
187.6832437912346;136.0036764208968;153.47312468311839;77.78174593052023;Derecha
188.80942773071476;138.81282361511128;148.71785366928881;72.00694410957877;Derecha
171.14321488157222;127.56566936288148;134.6291201783626;66.48308055437865;Derecha
171.86331778480246;123.00406497347964;142.88806808127822;72.02777242147643;Derecha
188.1116689628796;144.3606594609487;152.26621424334422;82.63776376451628;Derecha
192.66551326067673;150.81445554057476;152.55490814785344;84.15461959987698;Derecha
198.11612756158948;150.9205088780183;158.15182578775372;83.81527307120105;Derecha
203.7694775966214;151.5585695366646;159.84992962150469;72.0;Derecha
188.13824704190267;184.808008484481;129.49517365523704;124.39051410778879;Abajo
165.65325230734229;163.97560794215707;96.25487000666512;106.92988356862641;Abajo
168.8342382338369;164.17673403987544;98.4733466477097;109.2520022699813;Abajo
165.42369842317032;165.0605949341029;95.80187889597991;106.92988356862641;Abajo
156.82155464093577;158.8238017426859;99.40321926376429;98.41239759298622;Abajo
163.44418007380992;163.2666530556684;109.40292500660117;107.91200118615167;Abajo
158.40454538932903;158.35403373454054;101.40019723846694;100.64790112068906;Abajo
151.6047492659778;151.15885683611134;94.17536832951598;101.21264743103995;Abajo
158.22136391777187;151.6377261765686;96.40020746865642;96.64884893261792;Abajo
158.11388300841898;153.07514494521962;98.73702446397704;96.56603957913983;Abajo
158.4455742518547;157.2800050864699;105.26157893552613;106.78014796768171;Abajo
155.80115532305913;156.5790535161073;108.37435120913067;112.32987136109433;Abajo
161.9783936208777;158.64740779476983;107.61505470890214;106.60675400742676;Abajo
163.6001222493431;161.62301816263673;107.62899237658968;115.12167476196652;Abajo
160.3277892319357;157.94302770302968;96.67471230885562;105.8158778255891;Abajo
153.44705927452634;152.46311029229332;102.61578825892242;103.1746092796091;Abajo
163.00306745579974;157.88920165736477;105.0;101.54801819828883;Abajo
162.2004932174992;157.42934923323543;100.42410069301094;103.94229168149026;Abajo
161.48374531202822;156.16977940690063;100.7670581092849;101.59724405711013;Abajo
160.70469812671936;156.58863304850706;96.54014708917737;103.31505214633539;Abajo
159.6151621870554;158.31929762350515;95.90099061010788;104.23531071570709;Abajo
164.01219466856725;158.3161394173064;98.2344135219425;105.11898020814318;Abajo
159.40200751558933;157.15597347857954;100.0;105.19030373565806;Abajo
163.682619724881;159.38946012832844;101.01980003939822;104.95713410721541;Abajo
164.46884203398528;160.87883639559305;100.68763578513501;104.62313319720452;Abajo
162.5423021862309;157.2800050864699;100.12492197250393;103.24727599312246;Abajo
157.63248396190426;153.68148880070103;102.80077820717118;104.0096149401583;Abajo
160.89748288895012;157.4357011608231;107.20074626605917;106.25441167311595;Abajo
162.28986413205232;157.4357011608231;108.85311203635843;110.80162453682708;Abajo
162.8649747490233;158.90248582070703;102.80077820717118;105.152270541344;Abajo
159.6151621870554;156.54072952429985;97.45255255764212;103.4456378974;Abajo
159.84054554461454;159.38946012832844;102.00490184299969;104.44615837837216;Abajo
161.01242188104618;158.02847844613325;106.82696288858914;105.39449701004318;Abajo
162.60996279441184;155.18376203714098;100.0;101.21264743103995;Abajo
159.6151621870554;155.79473675320358;102.07840124139877;99.98499887483122;Abajo
162.63148526653748;158.02847844613325;104.62313319720452;102.9271587094485;Abajo
163.11039206623224;157.64834283937145;107.41508273980894;103.22790320451152;Abajo
164.61470165206995;156.66843970627906;103.22790320451152;105.152270541344;Abajo
153.60013020827813;152.50245899656832;93.08598175880189;100.18482919085105;Abajo
161.64467204334326;157.8670326572334;97.20082304178294;102.88342918079665;Abajo
163.37686494727458;154.84508387417407;97.8008179924892;100.17983829094555;Abajo
162.40997506310995;159.29846201391902;102.00490184299969;105.30906893520614;Abajo
164.61470165206995;158.31929762350515;102.20078277586722;101.87246929372037;Abajo
159.80613254815975;155.7080601638849;101.83319694480774;100.72239075796404;Abajo
164.61470165206995;158.8238017426859;99.32270636667126;99.29753269845128;Abajo
157.8131806916013;158.15182578775372;102.34256201600583;102.39628899525607;Abajo
165.65325230734229;159.51175505272332;109.288608738514;104.29285689825551;Abajo
163.682619724881;157.15597347857954;106.25441167311595;102.07840124139877;Abajo
163.11039206623224;157.78466338652817;101.78899744078434;103.24727599312246;Abajo
161.01242188104618;154.92256130079957;101.01980003939822;104.10091258005379;Abajo
160.58953888718904;157.62296786953354;109.40292500660117;106.40018796975878;Abajo
164.50227961946302;159.66527487215245;106.01886624558857;108.16653826391968;Abajo
168.36270370839262;162.24672569885655;101.24228365658294;106.6770828247567;Abajo
166.97604618627187;161.24515496597098;103.46980235798269;104.29285689825551;Abajo
162.5423021862309;157.78466338652817;112.61438629233834;106.66770832824712;Abajo
161.4465855941215;158.68522300453813;111.60645142642964;106.5269918846862;Abajo
157.8670326572334;152.6892268629323;101.6070863670443;100.9554357129917;Abajo
154.76756766196203;154.48624534242524;101.01980003939822;100.4987562112089;Abajo
157.0;154.23683088030563;100.34440691936945;96.25487000666512;Abajo
156.70673246545599;152.46311029229332;98.18350166906862;98.18350166906862;Abajo
158.64425612041552;156.24659996300718;106.40018796975878;105.80170130957252;Abajo
156.60459763365824;152.2005256232711;97.6165969494942;104.44615837837216;Abajo
156.84705926475002;152.50573759698355;93.08598175880189;104.78549517943789;Abajo
158.4455742518547;157.78466338652817;94.04786015641186;105.99056561788883;Abajo
159.45532289641508;156.0833110873805;99.48869282486326;105.11898020814318;Abajo
160.0312469488381;160.01562423713506;104.20172743289815;104.5609869884557;Abajo
162.5423021862309;158.90248582070703;104.20172743289815;103.73041983911952;Abajo
155.24174696260025;151.6377261765686;94.26027795418386;101.53324578678651;Abajo
156.40012787718558;153.18289721767243;95.69221493935649;101.96568050084302;Abajo
156.64609794054877;151.61134522191932;94.2019108086455;101.51847122568385;Abajo
159.20113064925135;157.15597347857954;97.6165969494942;104.62313319720452;Abajo
159.22311389996113;158.15182578775372;102.80077820717118;107.64757312638311;Abajo
161.23585209251695;159.38946012832844;101.21264743103995;106.6770828247567;Abajo
159.40200751558933;155.30936868070773;96.40020746865642;105.58882516630251;Abajo
162.00308639035245;156.11854470241516;96.02083107326243;104.20172743289815;Abajo
160.0312469488381;156.7801007781281;98.812954616285;102.9271587094485;Abajo
161.4465855941215;159.53056133543816;103.60019305001319;109.04127658827184;Abajo
160.0312469488381;154.69324484281788;100.80178569846865;105.68348972285122;Abajo
165.0;152.0690632574555;98.4733466477097;102.7277956543408;Abajo
161.47135968957468;152.31546211727817;96.56603957913983;100.84641788382967;Abajo
160.60199251565965;150.45597362683876;100.70253224224304;99.98499887483122;Abajo
160.58953888718904;155.04837954651444;97.082439194738;103.24727599312246;Abajo
157.25775020646836;155.92626462530293;103.00485425454472;105.68348972285122;Abajo
160.20611723651504;154.76756766196203;98.60020283954795;101.71037311896953;Abajo
158.3729774930054;155.6181223379848;98.79271228182775;103.07764064044152;Abajo
160.0312469488381;161.0372627685903;100.9554357129917;101.71037311896953;Abajo
160.90991268408544;162.92943257741985;106.04244433244644;108.2266141020775;Abajo
161.7188919081503;156.06408939919524;110.42191811411355;108.23123393919151;Abajo
162.8649747490233;159.88120589988054;105.20931517693668;104.30723848324239;Abajo
165.20593209688326;157.54364474646383;102.07840124139877;104.44615837837216;Abajo
167.28717822953436;160.75136080294934;101.35580891098448;100.72239075796404;Abajo
164.50227961946302;160.01562423713506;102.62553288534;103.58571330062848;Abajo
165.32392446346051;158.2940302096071;107.07007051459338;102.90286682109493;Abajo
165.0242406436097;161.22654868228122;104.84750831564858;105.6882207249228;Abajo
167.28717822953436;162.1141573089778;107.64757312638311;105.39449701004318;Abajo
164.50227961946302;159.15401345866212;111.60645142642964;106.40018796975878;Abajo
165.65325230734229;160.17802595861892;102.6498904042279;102.7277956543408;Abajo
165.8553586713435;159.66527487215245;103.77379245262264;102.62553288534;Abajo
167.28717822953436;162.9846618550347;104.29285689825551;104.95713410721541;Abajo
168.90825912311098;166.70932787339765;103.1746092796091;105.8158778255891;Abajo
163.37074401495514;161.14899937635357;101.87246929372037;105.47511554864494;Abajo
163.1349134918703;159.53056133543816;99.32270636667126;104.30723848324239;Abajo
164.21023110634732;160.18114745499858;99.04544411531506;107.91200118615167;Abajo
162.28986413205232;161.4465855941215;106.83164325236227;107.41508273980894;Abajo
166.715326230074;161.01242188104618;99.62429422585637;102.2154587134451;Abajo
164.50227961946302;160.37767924496225;98.4733466477097;106.55045753069294;Abajo
165.0;154.7384890710776;95.44108130150245;103.3537614216338;Abajo
161.14899937635357;160.37767924496225;100.26464980241042;107.61505470890214;Abajo
165.32392446346051;161.74362429474616;106.40018796975878;108.16653826391968;Abajo
162.24980739587951;159.15401345866212;103.60019305001319;106.50821564555478;Abajo
166.23477373883;161.47445618425226;99.80981915623332;107.0420478129973;Abajo
164.40194646049662;155.65346125287417;98.812954616285;103.94229168149026;Abajo
167.0478973228936;161.38463371709216;99.02019995940222;108.70602559196064;Abajo
162.5423021862309;157.2800050864699;99.29753269845128;104.10091258005379;Abajo
159.47727110782904;156.92354826475216;97.8008179924892;106.53168542738823;Abajo
162.8066337714775;159.0;104.62313319720452;108.72442227944924;Abajo
162.40997506310995;155.79473675320358;103.81233067415451;104.30723848324239;Abajo
163.00306745579974;160.75136080294934;100.60318086422517;109.17875251164945;Abajo
164.83931569865243;160.37767924496225;103.73041983911952;104.44615837837216;Abajo
167.0478973228936;163.8566446623389;104.04326023342406;106.17438485811914;Abajo
162.8649747490233;160.87883639559305;104.20172743289815;108.2266141020775;Abajo
159.76232346833217;158.80806024884254;105.60303025955268;106.50821564555478;Abajo
162.00308639035245;156.97452022541748;99.80981915623332;102.95630140987001;Abajo
159.20113064925135;156.66843970627906;95.80187889597991;105.99056561788883;Abajo
164.2954655491137;155.18376203714098;92.41753080449618;106.10372283760829;Abajo
159.84054554461454;155.9134375222354;102.6498904042279;102.39628899525607;Abajo
162.53307355735325;161.22654868228122;106.83164325236227;106.25441167311595;Abajo
164.51443705644803;162.53307355735325;110.11357772772621;107.80074211247342;Abajo
163.63679292872982;160.90991268408544;109.55363982999378;105.43718509140881;Abajo
162.8649747490233;158.14550262337528;108.2266141020775;103.46980235798269;Abajo
164.50227961946302;160.87883639559305;105.68348972285122;104.30723848324239;Abajo
164.50227961946302;161.24515496597098;102.90286682109493;103.58571330062848;Abajo
163.8078142214223;159.88120589988054;101.78899744078434;103.3537614216338;Abajo
168.04761230080004;159.2388143638353;99.04544411531506;108.2266141020775;Abajo
163.22070947033652;157.54364474646383;96.02083107326243;108.6876257906115;Abajo
162.80049139974977;156.58863304850706;96.02083107326243;105.54619841567009;Abajo
165.0242406436097;160.37767924496225;99.56907150315303;103.58571330062848;Abajo
165.8553586713435;161.0372627685903;104.5609869884557;105.39449701004318;Abajo
165.23922052587878;155.2610704587599;96.21330469326995;102.88342918079665;Abajo
160.60199251565965;155.9134375222354;97.09788875150684;103.31505214633539;Abajo
159.26079241294764;152.12166183683374;105.6882207249228;99.86490875177326;Abajo
163.2666530556684;159.47727110782904;107.37783756436893;103.23274674249446;Abajo
162.28986413205232;160.60510577189007;112.6454615153225;105.89145385724005;Abajo
160.89748288895012;153.4959282847594;111.8257573191436;109.34349546269316;Abajo
160.90991268408544;154.5477272560163;107.61505470890214;100.89598604503551;Abajo
156.77372228788855;152.0131573252789;98.79271228182775;99.04544411531506;Abajo
154.18495387034366;150.04665940966495;102.08329931972223;97.94896630388705;Abajo
155.3962676514465;152.32202729743324;100.0;104.20172743289815;Abajo
150.0966355385756;148.18906842274163;95.0;100.43903623591775;Abajo
155.3962676514465;150.88074761214565;96.89685237405806;99.29753269845128;Abajo
158.93709447451215;155.04837954651444;100.20977996183805;103.46496991735899;Abajo
155.03870484495155;151.47607071745688;105.0;104.80935072788114;Abajo
145.60906565183365;146.12323566086263;97.20082304178294;93.47726996441435;Abajo
154.45711378890906;146.68674105044394;88.86506625215557;103.75451797391764;Abajo
150.04665940966495;150.63200191194434;96.21330469326995;104.84750831564858;Abajo
153.6522046701576;154.23683088030563;100.0;105.39449701004318;Abajo
151.43315356948756;149.4958193395387;99.40321926376429;104.86181383134664;Abajo
157.63248396190426;148.60686390607938;91.83681179135085;102.57680049601859;Abajo
153.9415473483361;148.86235252742716;95.13148795220224;98.79271228182775;Abajo
155.42522317822161;150.08331019803634;89.62700485902673;104.65658125507444;Abajo
152.2005256232711;145.2618325645109;91.52595260361949;101.11874208078342;Abajo
158.3729774930054;154.3502510525979;94.57801012920498;103.4456378974;Abajo
160.3309078125612;201.8142710513803;88.25531145489205;155.04837954651444;Abajo
167.6305461424021;162.75441622272496;108.55873986004075;102.2154587134451;Abajo
162.5423021862309;156.5790535161073;100.84641788382967;99.98499887483122;Abajo
159.80613254815975;156.41611170208776;95.13148795220224;106.92988356862641;Abajo
158.4455742518547;158.47397262642215;93.74433316206373;107.35455276791944;Abajo
156.48642113614844;152.59423318068085;93.47726996441435;102.55242561733974;Abajo
159.40200751558933;159.51175505272332;94.57801012920498;104.78549517943789;Abajo
166.6433316997713;161.74362429474616;104.04326023342406;111.36426715962351;Abajo
164.7573974060042;165.3420696616563;103.00485425454472;107.54068997360952;Abajo
164.62381358722072;163.97560794215707;102.00490184299969;113.59577456930342;Abajo
173.3666634621547;163.23296235748464;109.0;103.76897416858277;Abajo
170.55204484262273;162.78820596099706;108.4665847162157;102.88342918079665;Abajo
162.80049139974977;161.24515496597098;105.0;107.91200118615167;Abajo
160.60199251565965;162.24672569885655;98.08159868191383;114.49454135459908;Abajo
167.60966559241146;165.5294535724685;103.71113729971339;113.17685275708986;Abajo
167.20047846821492;163.8566446623389;104.01922899156675;112.37882362794157;Abajo
169.62311163281967;162.88953311984167;100.42410069301094;115.83609109426992;Abajo
171.011695506477;165.8463143998081;108.00462953040486;114.38968484964018;Abajo
162.28986413205232;164.47796204963143;98.59513172565875;115.00434774390054;Abajo
166.01204775557707;167.57386431063765;102.00490184299969;113.14592347937243;Abajo
167.60966559241146;168.71573726241425;105.4229576515476;111.80339887498948;Abajo
169.61426826773743;170.55790805471318;107.05606008068857;117.33712115098103;Abajo
166.41213898030395;165.6804152578089;111.66467659918243;114.62111498323509;Abajo
169.49926253526885;170.46993869888027;110.8873302050329;117.34564329364768;Abajo
161.23585209251695;164.12495239907915;104.63746938836012;110.63905277974861;Abajo
167.80047675736802;169.81166037701888;106.66770832824712;118.51160280748886;Abajo
158.60012610335465;160.18114745499858;102.6498904042279;106.00471687618433;Abajo
171.2337583538947;166.58031096140985;108.23123393919151;114.58621208504974;Abajo
172.04650534085255;168.6475615003075;104.48444860360799;113.37107214805724;Abajo
162.04937519163718;160.52414148656894;97.45255255764212;114.12712210513327;Abajo
165.0242406436097;164.84234892769516;100.80178569846865;107.54068997360952;Abajo
170.01764614298128;169.30741271426953;105.80170130957252;109.9317970379817;Abajo
161.60445538412608;164.730082255792;97.83659846908007;113.59577456930342;Abajo
166.81726529349413;166.00301202086666;98.71676655968832;115.87061750072795;Abajo
168.21712160181556;167.94344286098223;107.61505470890214;112.0044641967453;Abajo
160.0781059358212;156.54072952429985;100.65783625729296;109.17875251164945;Abajo
167.86303941010956;163.47782724271815;99.04544411531506;110.05907504608605;Abajo
168.65645555388622;168.4339633209407;107.61505470890214;115.10864433221339;Abajo
176.4652940382329;171.40595088852663;132.06059215375342;119.09659944767525;Correcta
172.51376756653366;178.21616088334974;130.4837154590564;132.0075755401939;Correcta
187.27786842016332;169.19810873647495;140.61649974309557;110.5350623105628;Correcta
188.60540819393276;172.53985046939155;139.84634424968;118.25819210524064;Correcta
187.77912557044246;176.30087918101827;140.0;122.34786471369249;Correcta
186.60385848100785;170.46993869888027;140.41723540933285;125.8729518204765;Correcta
185.6017241299229;173.28012003689287;139.05394636614957;125.89678312014172;Correcta
188.83061192507955;169.95587662684687;143.05593311708537;119.55333537798099;Correcta
165.3027525481654;173.67786272291585;130.10764773832474;132.45754036671525;Correcta
168.6001186239203;176.17321022221284;125.99206324209474;135.4289481610191;Correcta
187.6832437912346;152.42703172337903;148.94965592440957;89.35882720806042;Correcta
184.8053029542172;186.93581786270923;122.34786471369249;126.05157674539419;Correcta
169.81166037701888;177.67385851610248;121.6552506059644;126.50691680694776;Correcta
174.1866814656046;177.79201331893398;128.03515142334936;130.4837154590564;Correcta
172.86121600868137;171.67993476233616;133.86933928274988;128.81770064707723;Correcta
160.3277892319357;183.6627343801676;111.19802156513397;134.9518432626987;Correcta
173.67786272291585;165.0605949341029;123.69316876852982;109.71326264403953;Correcta
172.28464818433474;158.51813776347487;131.01526628603247;106.96261028976434;Correcta
159.47727110782904;155.3319027115808;119.63277142990545;113.86395390991831;Correcta
165.8553586713435;164.30459518832697;122.14745187681976;113.27841806805037;Correcta
159.76545308670458;163.37074401495514;115.27792503337315;120.7393887677091;Correcta
155.65346125287417;177.80044994318772;105.47511554864494;130.91982279242512;Correcta
166.02710622064097;163.24827717314508;113.86395390991831;114.85643212288984;Correcta
163.40440630533806;158.8238017426859;123.1665539016173;110.5350623105628;Correcta
165.58381563425817;170.30854353202602;120.93386622447825;118.06777714516353;Correcta
166.13849644197458;173.1040149736568;119.55333537798099;122.61321299109652;Correcta
177.73013250431114;162.33915116200404;135.0;106.7941945987702;Correcta
174.18381095842403;173.4041521994211;123.69316876852982;114.47707194019246;Correcta
160.55217220579732;172.80046296234278;106.96261028976434;122.28654872879518;Correcta
160.37767924496225;172.5688268488837;103.32473082471591;123.14625451064275;Correcta
171.4788616710526;155.68236894394946;131.20975573485381;100.44899203078147;Correcta
160.01562423713506;165.0242406436097;118.69709347747316;111.07204868912791;Correcta
158.64740779476983;167.86303941010956;113.17243480636087;122.9186723000212;Correcta
178.86866690396056;163.24827717314508;127.4401820463232;110.25878649794764;Correcta
163.2666530556684;168.90825912311098;115.74541027617467;114.33722053644648;Correcta
152.97712247261026;167.86303941010956;111.12605455067681;126.40015822774906;Correcta
161.4187101918486;171.1899529762188;114.58621208504974;124.85191228010886;Correcta
176.02556632489498;163.71010964506743;136.24243098242192;103.23759005323593;Correcta
160.70158679988197;167.80047675736802;122.9186723000212;121.0826164236634;Correcta
155.30936868070773;173.67786272291585;108.4665847162157;128.80993750483694;Correcta
161.55494421403512;167.80047675736802;120.28299963003916;121.0826164236634;Correcta
161.22654868228122;159.20113064925135;118.06777714516353;113.86395390991831;Correcta
143.69411957348845;148.60013458944107;118.1397477566293;116.72617529928752;Correcta
156.77372228788855;165.32392446346051;113.56936206565572;114.0175425099138;Correcta
164.46884203398528;167.5857989210303;117.5925167687128;117.44360348695028;Correcta
165.59287424282482;158.64425612041552;124.4025723206719;112.44998888394787;Correcta
161.9876538505327;158.4455742518547;123.40583454602137;115.96551211459379;Correcta
156.92354826475216;164.50227961946302;113.84638773364749;122.67436570041843;Correcta
168.35973390332975;160.90991268408544;127.00393694685216;112.48555462813881;Correcta
169.75276139138356;158.80806024884254;124.80785231707178;112.43220179290273;Correcta
162.077142126828;169.4609099468075;116.69190203266035;122.9186723000212;Correcta
162.5423021862309;167.90771274721124;120.20815280171308;121.65936051122412;Correcta
159.47727110782904;160.90991268408544;120.24142381059865;118.1905241548577;Correcta
171.1899529762188;169.49926253526885;122.14745187681976;118.92854997854805;Correcta
160.52414148656894;171.1286066091815;112.43220179290273;122.61321299109652;Correcta
158.90248582070703;178.21616088334974;112.44998888394787;128.80993750483694;Correcta
161.22654868228122;176.40011337864837;114.58621208504974;128.4562182223967;Correcta
170.07351351694948;168.71573726241425;118.1397477566293;117.61377470347595;Correcta
173.34935823359717;175.86642658563346;126.50691680694776;119.97082978791136;Correcta
162.75441622272496;173.1040149736568;118.82760622010359;124.96399481450646;Correcta
160.31219541881399;172.2614292289484;116.72617529928752;125.2078272313676;Correcta
161.9876538505327;166.73931749890306;119.50313803411188;121.26417442921878;Correcta
161.9876538505327;164.21023110634732;119.55333537798099;120.41594578792295;Correcta
161.22654868228122;170.84788555905513;116.69190203266035;126.65701717630967;Correcta
160.90991268408544;170.84788555905513;120.93386622447825;126.37246535539299;Correcta
161.69724796668618;166.43316977093238;120.20815280171308;123.43419299367578;Correcta
163.67040050051813;167.2423391369542;121.82774724995944;120.41594578792295;Correcta
166.97604618627187;169.49926253526885;120.91732712891069;126.25371281669304;Correcta
161.38463371709216;175.07141400011596;118.80235687897779;128.68954891520912;Correcta
160.70158679988197;171.71196813268432;117.37972567696688;126.65701717630967;Correcta
164.75436261295178;165.3602128687551;121.6552506059644;121.75385004179539;Correcta
168.11900546934007;168.36270370839262;123.43419299367578;123.1665539016173;Correcta
170.89177862027185;167.8153747426022;126.25371281669304;123.3288287465668;Correcta
166.20770138594662;169.2572007330855;124.84390253432484;123.84264209067892;Correcta
168.9644933114647;176.11927776367924;124.45079348883236;129.8345100502944;Correcta
159.69971822141704;178.33115263464205;119.20570456148481;130.13838787997952;Correcta
167.8153747426022;171.72361514946044;120.20815280171308;127.1416532848303;Correcta
170.13524032369074;170.20575783445165;127.61269529321916;123.76186811776881;Correcta
165.71059109181888;172.60938560808333;122.78843593759146;126.66885963013956;Correcta
157.30543537970962;160.80111939908875;119.85407794480753;121.01652779682617;Correcta
161.0372627685903;166.23477373883;120.24142381059865;126.66885963013956;Correcta
160.90991268408544;168.1071087134628;123.03657992645927;127.47548783981962;Correcta
162.82813024781683;169.75276139138356;123.7457069962429;127.5617497528158;Correcta
162.75441622272496;174.0258601472781;121.62236636408618;130.4837154590564;Correcta
176.30087918101827;188.43831882077487;130.17680284904833;137.13132391981054;Correcta
193.77564346429094;198.40362899906847;140.80127840328723;138.62178760930766;Correcta
189.2353032602532;198.97738564972653;142.63590010933433;149.20120642943877;Correcta
174.06320691059327;180.23595645708434;134.31678971744373;131.59027319676784;Correcta
157.15597347857954;164.2589419179364;116.67476162392619;123.0690862889621;Correcta
150.95032295427526;154.26276284314372;111.80339887498948;115.26057435220423;Correcta
156.41611170208776;160.65490966665163;115.62439189029277;115.31261856362468;Correcta
178.932948335403;180.88670487352022;127.61269529321916;127.91403363196706;Correcta
210.535032714273;219.40145851839728;150.20652449211386;153.21879780235844;Correcta
213.86210510513544;215.60148422494683;165.42369842317032;162.68988905276197;Correcta
185.64751546950473;188.66107176627614;148.39474384222643;142.90206436577463;Correcta
170.3907274472411;171.71196813268432;129.07362240210043;122.28654872879518;Correcta
150.72159765607583;156.64609794054877;118.56221995222593;114.86513831445988;Correcta
136.0036764208968;134.40238093129153;104.89041900955492;105.41821474489122;Correcta
159.8311609167624;132.85330255586422;107.48023074035522;104.4030650891055;Correcta
144.9413674559475;140.54536634126364;106.77546534667971;105.60303025955268;Correcta
